playerId,name,category,best_fit_role,raw_best_fit_role
25784,A. Abdennour,df,rb,rb
376565,A. Abeid,df,rb,rcm
49982,A. Abrashi,md,cm,cm
20812,A. Acquah,md,lcm,lcm
92334,A. Agolli,df,rb,rcm
4814,A. Aguilar,md,cam,cam
49857,A. Ajeti,df,cb,cdm
20401,A. Aquilani,md,cm,cm
4329,A. Arribas,df,cb,cdm
131602,A. Arroyo,fw,lw,lam
25418,A. Aréola,gk,gk,cb
25572,A. Ayew,fw,lw,cam
216077,A. Baba,df,rb,ram
28094,A. Badri,fw,rw,cam
300669,A. Balić,md,cm,cm
26368,A. Bamba,df,cb,cdm
20815,A. Barberis,md,lcm,lcm
391387,A. Barkok,md,cam,cam
9123,A. Barnes,fw,st,cam
300373,A. Barreca,df,rb,rcm
20458,A. Barzagli,df,cb,cdm
265172,A. Barák,md,lcm,lcm
405597,A. Bastoni,df,rb,rcm
15798,A. Beck,df,lb,lcm
8726,A. Begović,gk,gk,cb
61651,A. Behich,df,rb,rcm
238031,A. Beiranvand,gk,gk,cb
21234,A. Belotti,fw,rw,cam
10113,A. Benali,md,rcm,rcm
101580,A. Berezutski,df,cb,cdm
20749,A. Bertolacci,md,rcm,rcm
20540,A. Bizzarri,gk,gk,cb
253333,A. Blin,md,cm,cm
15727,A. Bouhaddouz,fw,st,cam
29843,A. Bouka Moutou,df,rb,rcm
21415,A. Brignoli,gk,gk,cb
69513,A. Budimir,fw,st,cam
491451,A. Buongiorno,df,rb,rb
20556,A. Candreva,md,lam,lam
22093,A. Caracciolo,df,cb,cb
70156,A. Carrillo,md,lam,lam
7970,A. Carroll,fw,st,cam
20947,A. Cerci,fw,lw,lam
83590,A. Chipciu,md,ram,ram
135103,A. Christensen,df,cb,cdm
134484,A. Ciciretti,fw,lw,lam
249926,A. Confais,md,lcm,lcm
20832,A. Consigli,gk,gk,cb
134419,A. Conti,df,lb,lcm
86411,A. Cooper,md,cam,cam
21494,A. Cordaz,gk,gk,cb
135150,A. Cornelius,fw,lw,cam
20874,A. Cossu,md,cam,cam
20609,A. Costa,df,rb,rb
134413,A. Cragno,gk,gk,cb
8582,A. Cresswell,df,rb,rcm
523089,A. Danzi,md,cdm,cdm
263591,A. Deiola,md,lcm,lcm
25745,A. Delort,fw,st,cam
276978,A. Diakhaby,fw,rw,ram
235450,A. Diallo,df,rb,rb
25633,A. Diallo,gk,gk,cb
374013,A. Diawara,md,cm,cm
364644,A. Dioussé,md,rcm,rcm
229427,A. Djiku,df,rb,rcm
233910,A. Donis,fw,lw,cam
28292,A. Doucouré,md,cm,cm
49859,A. Dragović,df,lb,lcm
22383,A. Duncan,md,ram,ram
101590,A. Dzagoev,md,cam,cam
101669,A. Dzyuba,fw,st,cam
20876,A. Ekdal,md,cm,cm
286553,A. El Ghazi,fw,lw,lam
552555,A. El Kaabi,fw,st,cam
101953,A. Erokhin,md,ram,ram
15141,A. Esswein,md,cam,cam
105518,A. Fedetskiy,df,lb,lcm
86623,A. Fernández,md,rcm,rcm
263433,A. Ferrari,df,lb,lcm
37948,A. Finnbogason,fw,st,cam
75131,A. Fiola,df,lb,lcm
22566,A. Florenzi,md,lcm,lcm
256992,A. Fulgini,md,lam,lam
22020,A. Galabinov,fw,st,cam
20929,A. Gamberini,df,cb,cdm
25575,A. Gignac,fw,st,st
86414,A. Godoy,md,cam,cam
257800,A. Golovin,md,cam,cam
21098,A. Gomis,gk,gk,cb
26285,A. Gonçalves,md,lam,lam
449985,A. Gouiri,fw,lw,cam
21275,A. Granqvist,df,rb,cdm
134435,A. Grassi,md,cm,cm
412914,A. Gravillon,df,cb,cb
10663,A. Gray,fw,st,cam
256776,A. Grgic,md,ram,ram
3682,A. Griezmann,fw,st,cam
3384,A. Guardado,md,cm,cm
216568,A. Gudmundsson,fw,st,st
77521,A. Gunnarsson,md,cdm,cdm
21077,A. Gómez,fw,rw,ram
221172,A. Hack,df,rb,cdm
15877,A. Hahn,fw,lw,lam
396475,A. Hakimi,df,lb,lcm
234527,A. Halilović,md,lam,lam
372915,A. Harit,md,cam,cam
135113,A. Hjulsager,md,lam,lam
11135,A. Hughes,df,lb,lb
229124,A. Hunou,md,cam,cam
14706,A. Hunt,md,cam,cam
50073,A. Ioniţă,md,cam,cam
399599,A. Isak,fw,st,st
97,A. Isaksson,gk,gk,cb
230020,A. Iwobi,md,cam,cam
22883,A. Izzo,df,lb,lcm
79381,A. Jahanbakhsh,fw,lw,lam
376908,A. Jallow,md,rcm,rcm
261127,A. Januzaj,md,cam,cam
56424,A. Jóhannsson,fw,lw,lam
99381,A. Jędrzejczyk,df,rb,rcm
127719,A. Katai,md,lcm,lcm
8899,A. Kačaniklić,md,lam,lam
293128,A. Khalil,md,ram,ram
8498,A. King,md,cm,cm
25950,A. Knockaert,md,lam,lam
101705,A. Kokorin,fw,lw,lam
8306,A. Kolarov,df,rb,rcm
69411,A. Kramarić,fw,rw,cam
25413,A. Lacazette,fw,st,cam
404213,A. Lafont,gk,gk,cb
8140,A. Lallana,md,cam,cam
134502,A. Laporte,df,rb,rcm
218971,A. Lazaar,df,rb,ram
8284,A. Lennon,md,lam,lam
26245,A. Letellier,gk,gk,cb
93339,A. Lila,md,lam,lam
20941,A. Ljajić,fw,rw,ram
406682,A. Lookman,md,ram,ram
25382,A. Lopes,gk,gk,cb
286388,A. Lusamba,md,lcm,lcm
14822,A. Luthe,gk,gk,cb
125848,A. Machado,df,lb,lb
425926,A. Maier,md,cm,cm
279717,A. Maitland-Niles,md,rcm,rcm
26307,A. Mandi,df,lb,lcm
8889,A. Mariappa,df,cb,cdm
134513,A. Martial,fw,rw,ram
228928,A. Marušić,md,lam,lam
20841,A. Masiello,df,cb,rcm
232822,A. Masina,df,rb,rcm
26499,A. Masuaku,df,rb,ram
120898,A. Mathlouthi,gk,gk,cb
20478,A. Matri,fw,st,cam
246866,A. Mawson,df,rb,rb
83836,A. Maxim,md,cam,cam
120839,A. Maâloul,df,rb,rb
215281,A. Mbengue,df,rb,rcm
8580,A. McCarthy,gk,gk,cb
101666,A. McGeady,md,lam,lam
105619,A. Mehmedi,fw,lw,cam
15254,A. Meier,fw,rw,ram
274970,A. Mendy,fw,st,cam
286215,A. Meret,gk,gk,cb
99452,A. Milik,fw,st,cam
20483,A. Mirante,gk,gk,cb
128214,A. Mitrović,fw,st,cam
62389,A. Mooy,md,cm,cm
346908,A. Murgia,md,lcm,lcm
101606,A. Musa,fw,rw,ram
83972,A. Mățel,df,rb,rb
32793,A. N'Diaye,md,cdm,cdm
209095,A. N'Dour,df,rb,rcm
238055,A. Nabbout,fw,lw,cam
272878,A. Nalini,fw,rw,ram
344140,A. Ndiaye,fw,rw,ram
16435,A. Nemec,fw,st,cam
219350,A. Niane,fw,st,cam
5281,A. Nyom,df,lb,lcm
333477,A. Nübel,gk,gk,cb
21100,A. Ogbonna,df,cb,cdm
337799,A. Ouahim,md,lam,lam
26676,A. Oukidja,gk,gk,cb
300830,A. Ounas,fw,lw,lam
7868,A. Oxlade-Chamberlain,md,lam,lam
125076,A. Oyongo,df,rb,rcm
20661,A. Paloschi,fw,lw,cam
246175,A. Petagna,fw,lw,cam
259946,A. Peñaranda,fw,st,cam
405608,A. Pinamonti,fw,st,st
25410,A. Pléa,fw,rw,ram
20529,A. Poli,md,lcm,lcm
84017,A. Popa,md,lam,lam
83591,A. Prepeliță,md,cm,cm
50411,A. Prijović,fw,rw,ram
8290,A. Pritchard,md,cam,cam
105320,A. Pyatov,gk,gk,cb
209117,A. Rabiot,md,rcm,rcm
20677,A. Raggi,df,cb,rcm
22699,A. Ragusa,fw,rw,ram
3276,A. Rami,df,lb,lb
7870,A. Ramsey,md,cam,cam
20519,A. Ranocchia,df,cb,cdm
69616,A. Rebić,fw,rw,ram
302908,A. Ribelin,md,lcm,lcm
14727,A. Robben,md,lam,lw
222220,A. Robertson,df,rb,ram
70144,A. Rodríguez,df,cb,cdm
146588,A. Romagnoli,df,rb,rcm
293198,A. Romero,md,cm,cm
20434,A. Rosi,df,lb,lcm
15214,A. Rukavina,df,cb,cdm
14748,A. Rüdiger,df,rb,rcm
442211,A. Sabiri,md,cam,cam
50461,A. Sadiku,fw,st,cam
207061,A. Sahibeddine,fw,rw,ram
276211,A. Saint-Maximin,fw,lw,lam
101699,A. Samedov,md,lam,lam
225946,A. Sanabria,fw,st,cam
115353,A. Santamaría,df,rb,rb
190168,A. Santurro,gk,gk,cb
279556,A. Sané,md,lam,lw
19525,A. Schwolow,gk,gk,cb
208716,A. Schöpf,md,cm,cm
14789,A. Schürrle,fw,rw,ram
265368,A. Shehu,df,lb,lb
51127,A. Skúlason,df,rb,rb
8460,A. Smith,df,lb,lcm
25710,A. Soumaoro,df,cb,cdm
26633,A. Souquet,df,lb,lcm
21655,A. Stoian,fw,rw,ram
8351,A. Surman,md,cm,cm
4683,A. Szymanowski,md,ram,ram
3361,A. Sánchez,fw,rw,ram
54819,A. Søderlund,fw,st,cam
55224,A. Sørloth,fw,rw,ram
9080,A. Taarabt,md,ram,ram
28230,A. Tameze,md,cm,cm
209028,A. Thomasson,md,ram,ram
99423,A. Tonev,fw,lw,cm
217874,A. Touré,md,cm,cm
149101,A. Touré,df,lb,lcm
8471,A. Townsend,md,lam,lam
85113,A. Toșca,df,rb,rb
266917,A. Traoré,md,ram,ram
57480,A. Traustason,md,cam,cam
3448,A. Turan,md,rcm,rcm
14729,A. Tymoshchuk,md,lcm,lb
15201,A. Ujah,fw,st,cam
91502,A. Uribe,md,rcm,rcm
7938,A. Valencia,df,lb,lcm
20475,A. Vidal,md,rcm,rcm
217867,A. Walongwa,df,lb,lb
486252,A. Wan-Bissaka,df,lb,lcm
222324,A. Werner,gk,gk,cdm
8925,A. Westwood,md,cm,cm
77546,A. Williams,df,cb,cdm
70123,A. Witsel,md,cm,cm
105622,A. Yarmolenko,fw,lw,lam
7939,A. Young,df,rb,rcm
366401,A. Zambo Anguissa,md,lcm,lcm
140085,A. Živković,md,lam,lam
282438,Aarón,df,rb,rcm
120167,Abdallah Said,md,cam,cam
122561,Abdullah Al Mayouf,gk,gk,cb
139393,Abdullah Otayf,md,cm,cm
6210,Aday,df,cb,rcm
70403,Adrien Silva,md,cam,cam
3582,Adrián,gk,gk,cb
3705,Adrián,md,rcm,rcm
364870,Adrián Diéguez,df,rb,rb
3451,Adrián López,fw,rw,ram
286994,Adrián Marín,df,rb,rb
3290,Aduriz,fw,st,cam
3296,Adán,gk,gk,cb
222761,Afonso Figueiredo,df,rb,rcm
167117,Ager Aketxe,md,lam,lam
3681,Agirretxe,fw,lw,cam
120156,Ahmed Fathy,df,lb,lcm
119951,Ahmed Hegazy,df,cb,cb
284580,Ailton,df,rb,rcm
357992,Aitor Ruibal,fw,rw,rcm
262048,Al. Miranchuk,md,rcm,rcm
7302,Albentosa,df,cb,cdm
470756,Alberto López,df,rb,rcm
4908,Alberto Moreno,df,rb,rcm
406460,Alberto Redondo,df,lb,lcm
3300,Albiol,df,lb,lcm
282448,Aleix García,md,cdm,cdm
4256,Aleix Vidal,md,lam,lam
405972,Alex Robles,df,lb,lb
70084,Alex Sandro,df,rb,ram
3466,Alexis,df,cb,cdm
359847,Alfonso Pedraza,md,ram,ram
131184,Ali Adnan,df,rb,rcm
398219,Ali Al Bulayhi,df,rb,rb
198120,Ali Gabr,df,lb,lb
214220,Alisson,gk,gk,cb
40726,Allan,md,lam,lam
388928,Amr Warda,md,lam,lam
4094,Ander Capa,df,lb,lam
3413,Ander Herrera,md,lcm,lcm
279560,Andoni Gorosabel,df,lb,lcm
344065,Andoni López,df,rb,rcm
240445,Andreas Pereira,md,cam,cam
43515,Andrei Girotto,md,cm,cm
211885,André Gomes,md,ram,ram
65880,André Ramalho,df,cb,cb
135927,André Silva,fw,st,cam
247173,Andrés,gk,gk,cb
3486,Andrés Fernández,gk,gk,cb
20604,Angelo da Costa,gk,gk,cb
286981,Antonio Sivera,gk,gk,cb
93000,Antunes,df,rb,rcm
4805,Arbilla,df,rb,rcm
278288,Aritz Elustondo,df,lb,lb
3397,Arrizabalaga,gk,gk,cb
3488,Asier Riesgo,gk,gk,cdm
230883,Ayoze Pérez,fw,st,cam
3372,Aythami Artiles,df,cb,cb
25553,Azpilicueta,df,lb,lcm
134351,B. Afobe,fw,st,cam
25826,B. André,md,cm,cm
8268,B. Assou-Ekotto,df,rb,rb
64078,B. Balaj,fw,lw,lam
447379,B. Baningime,md,lcm,lcm
99833,B. Bereszyński,df,lb,lcm
75014,B. Bese,df,lb,lam
38084,B. Bjarnason,md,rcm,rcm
228981,B. Bourigeaud,md,lam,lam
105716,B. Butko,df,rb,ram
20637,B. Cesar,df,cb,cdm
350976,B. Chilwell,df,rb,rcm
26381,B. Corgnet,md,cam,cam
25632,B. Costil,gk,gk,cb
20404,B. Cristante,md,lam,lam
26000,B. Dabo,md,cm,cm
136441,B. Davies,df,rb,rcm
214710,B. Dibassy,df,rb,rcm
50007,B. Djimsiti,df,cb,cdm
54375,B. Dočkal,md,lam,lam
20639,B. Dramé,df,rb,rcm
265431,B. Drągowski,gk,gk,cb
101690,B. Dzsudzsák,md,lam,lam
21169,B. Džemaili,md,cam,cam
282772,B. Embolo,fw,lw,cam
207002,B. Fernández,fw,st,cam
8358,B. Foster,gk,gk,cb
253784,B. Guillaume,fw,st,cam
402017,B. Gyamfi,df,lb,lcm
8066,B. Hamer,gk,gk,cb
258253,B. Henrichs,df,cb,lcm
51689,B. Hrgota,fw,rw,cam
14855,B. Höwedes,df,cb,lcm
15719,B. Hübner,df,rb,rb
105616,B. Ideye,fw,st,cam
209792,B. Idowu,df,rb,rb
7891,B. Ivanović,df,lb,lcm
449921,B. Jatta,md,lam,lam
26124,B. Jeannot,fw,lw,cam
404216,B. Kamara,df,cb,cdm
301635,B. Kamara,gk,gk,cb
269189,B. Kapustka,md,cam,cam
61961,B. Kayal,md,cm,cm
256480,B. Keita,fw,st,cam
26547,B. Ketkeophomphone,fw,lw,lam
25392,B. Koné,df,cb,cdm
50264,B. Kukeli,md,cdm,cdm
331913,B. Labeau,fw,st,st
26016,B. Lecomte,gk,gk,cb
14768,B. Leno,gk,gk,cb
22185,B. Martella,df,rb,rcm
134,B. Martins Indi,df,cb,cdm
25437,B. Matuidi,md,ram,ram
454388,B. Mbeumo,fw,rw,cam
8944,B. Mee,df,rb,rb
26136,B. Mendy,df,rb,ram
207164,B. N'Diaye,md,rcm,rcm
25891,B. Nivet,md,cam,cam
394,B. Nuytinck,df,cb,cdm
14775,B. Oczipka,df,rb,rcm
55982,B. Oviedo,df,rb,rb
340646,B. Pavard,df,cb,cdm
29641,B. Pelé,md,cam,cam
252589,B. Petković,fw,rw,cam
113517,B. Pérez,fw,rw,cam
26365,B. Reynet,gk,gk,cb
366193,B. Risa,df,cb,cam
11155,B. Ruiz,md,cm,cm
7858,B. Sagna,df,lb,lcm
25865,B. Sako,md,cam,cam
20723,B. Salamon,df,lb,lcm
26131,B. Samba,gk,gk,cb
25947,B. Sankoh,df,cb,cdm
274344,B. Santamaria,md,cm,cm
25743,B. Sarr,md,lcm,lcm
18544,B. Schmitz,df,lb,lam
14728,B. Schweinsteiger,md,cm,cm
54495,B. Sigurðarson,fw,lw,lam
397033,B. Soumaré,md,cm,cm
408827,B. Srarfi,md,lam,lam
25995,B. Stambouli,md,lcm,lb
33235,B. Stancu,fw,rw,ram
54451,B. Sævarsson,df,lb,lb
142755,B. Traoré,fw,lw,lam
8627,B. Watson,md,cdm,cdm
15232,B. Wood,fw,st,cam
351808,B. Woodburn,fw,lw,lw
32572,B. Yılmaz,fw,st,cam
86309,B. Zuculini,md,cdm,cdm
244357,B. Zungu,md,cdm,cdm
345707,B. Özcan,md,ram,ram
3750,Balenziaga,df,rb,rcm
3270,Barragán,df,lb,lcm
520163,Barri,md,cm,cm
3335,Bartra,df,cb,cdm
208865,Bastos,df,lb,lb
32601,Bebé,md,cam,cam
167145,Bellerín,df,lb,lcm
287003,Benito Ramírez,md,ram,ram
296341,Bernardo,df,rb,rcm
3692,Bernardo Espinosa,df,cb,cdm
265673,Bernardo Silva,md,lam,lam
3595,Beñat,md,cm,cm
3644,Bigas,df,rb,rb
20450,Bojan,fw,rw,cam
3875,Borja Bastón,fw,st,cam
4278,Borja García,md,ram,ram
298385,Borja Herrera,df,rb,rcm
263092,Borja Lasso,md,cm,cm
344120,Borja Mayoral,fw,st,cam
3543,Borja Valero,md,cm,cm
4440,Borja Valle,fw,rw,cam
255320,Boschilia,md,lcm,lcm
404397,Brahim Diaz,md,ram,ram
302550,Brais Méndez,md,lam,lam
247162,Brandon,fw,rw,ram
70975,Bruma,fw,rw,ram
5677,Bruno,df,cb,cdm
3541,Bruno,md,cm,cm
101558,Bruno Alves,df,rb,rb
243588,Bruno Fernandes,md,ram,ram
3394,Bruno Gama,md,ram,ram
222766,Bruno Gaspar,df,lb,lcm
44251,Bruno Peres,df,lb,lcm
3278,Bruno Saltor,df,lb,lb
3779,Bueno,fw,rw,cam
226005,Burgui,md,ram,ram
6365,Bustinza,df,lb,lcm
4086,Bóveda,df,cb,lcm
7961,C. Adam,md,rcm,rcm
417231,C. Adjapong,df,cb,cm
328131,C. Akolo,fw,lw,lam
101742,C. Ansaldi,df,rb,rcm
89559,C. Aránguiz,md,cm,cm
70215,C. Atsu,md,ram,ram
8953,C. Austin,fw,rw,cam
364772,C. Awaziem,df,cb,cdm
37831,C. Bacca,fw,rw,cam
11131,C. Baird,df,cb,cdm
25472,C. Bakambu,fw,st,cam
26167,C. Beauvue,fw,st,cam
25616,C. Ben Saada,md,lam,lam
91,C. Benschop,fw,lw,lam
38031,C. Benteke,fw,st,cam
21842,C. Biraghi,df,rb,rcm
55988,C. Bolaños,md,lam,lam
51004,C. Borges,md,cm,cm
3662,C. Bravo,gk,gk,cb
8370,C. Brunt,md,rcm,rcm
9403,C. Cathcart,df,cb,cdm
171283,C. Chambers,df,cb,lcm
25938,C. Charrier,md,cam,cam
8004,C. Clark,df,rb,rb
15278,C. Clemens,md,lcm,lcm
114813,C. Cueva,md,ram,ram
9285,C. Daniels,df,rb,rcm
8360,C. Dawson,df,lb,lcm
267185,C. Dell'Orco,df,rb,rb
25601,C. Diabaté,fw,st,cam
26032,C. Doukouré,md,lcm,lcm
54,C. Eriksen,md,cam,cam
32523,C. Erkin,df,rb,rcm
9620,C. Evans,md,lcm,lcm
149846,C. Falletti,md,cam,cam
14853,C. Fuchs,df,rb,rcm
448127,C. Führich,md,ram,ram
55977,C. Gamboa,df,lb,lcm
14754,C. Gentner,md,cm,cm
13451,C. Goldson,df,lb,lb
25407,C. Grenier,md,cam,cam
8831,C. Gunter,df,lb,lcm
216074,C. Günter,df,rb,rcm
450826,C. Hudson-Odoi,md,ram,ram
28314,C. Hérelle,df,rb,cdm
21384,C. Immobile,fw,rw,cam
25427,C. Jallet,df,rb,rcm
15095,C. Janker,df,lb,lb
134512,C. Jean,fw,lw,lam
144884,C. Jullien,df,rb,cdm
68085,C. Kabasele,df,cb,cdm
361779,C. Keita,df,rb,rcm
25943,C. Kerbrat,df,lb,lb
26270,C. Keșerü,fw,rw,ram
131321,C. Kouakou,fw,lw,lam
37725,C. Kouyaté,md,lcm,lcm
14838,C. Kramer,md,cm,cm
134503,C. Lenglet,df,rb,rb
255670,C. Lombardi,fw,lw,lcm
92900,C. Lykogiannis,df,rb,rcm
14796,C. Löwe,df,rb,rcm
25789,C. M'Bengue,df,rb,rb
21173,C. Maggio,df,lb,lcm
20470,C. Marchisio,md,cm,cm
216614,C. Martins Pereira,md,rcm,rcm
18704,C. Mathenia,gk,gk,cb
37726,C. Mbemba,df,rb,rcm
8797,C. McLaughlin,df,lb,lcm
286382,C. Michelin,df,lb,lcm
14745,C. Molinaro,df,rb,rcm
212651,C. Musonda,md,ram,ram
27412,C. N'Doye,md,cam,cam
28123,C. N'Jie,fw,rw,cam
143189,C. Ninga,fw,rw,ram
347200,C. Nkunku,md,ram,ram
8303,C. Pantilimon,gk,gk,cb
285396,C. Pavón,fw,lw,lam
138577,C. Philipps,md,cdm,cdm
21128,C. Pinsoglio,gk,gk,cb
14707,C. Pizarro,fw,rw,cam
20632,C. Puggioni,gk,gk,cb
391530,C. Pulisic,md,lam,lam
16436,C. Quaner,fw,lw,lam
114617,C. Ramos,df,lb,lb
386197,C. Roberts,df,lb,lam
70095,C. Rodríguez,md,ram,ram
255387,C. Salcedo,df,cb,cdm
38436,C. Santos,fw,st,cam
15215,C. Schindler,df,cb,cdm
7922,C. Smalling,df,cb,cdm
145030,C. Stanko,md,cdm,cdm
3714,C. Stuani,fw,st,cam
86340,C. Sánchez,md,lam,lam
26518,C. Sánchez,md,cdm,cdm
344864,C. Söyüncü,df,rb,rb
70090,C. Săpunaru,df,lb,lcm
9164,C. Taylor,df,rb,rb
337732,C. Teuchert,fw,rw,cam
20663,C. Théréau,fw,rw,cam
209091,C. Tolisso,md,cam,cam
32636,C. Tosun,fw,st,cam
393284,C. Traoré,df,rb,rcm
83574,C. Tătărușanu,gk,gk,cb
26374,C. Varrault,df,lb,lb
3685,C. Vela,fw,lw,cam
234710,C. Washington,fw,st,cam
11669,C. Wilson,fw,st,cam
9206,C. Wood,fw,st,cam
86308,C. Yacob,md,cdm,cdm
215036,C. Yamberé,df,lb,lcm
3531,C. Zapata,df,cb,cdm
350032,C. Ünder,fw,lw,lam
135937,Cafú,md,rcm,rcm
16432,Caiuby,md,ram,ram
3566,Camacho,md,cdm,cdm
3470,Campaña,md,cm,cm
3282,Canales,md,lam,lam
4879,Carles Gil,md,lam,lam
4789,Carles Planas,df,rb,rcm
329026,Carlos Calderón,md,ram,rw
278324,Carlos Fernández,fw,st,cam
396484,Carlos Isaac,df,lb,lcm
3672,Carlos Martínez,df,lb,lam
372752,Carlos Soler,md,lam,lam
250899,Carlos Vigaray,df,lb,lcm
40756,Casemiro,md,cm,cm
385273,Charles,fw,st,cam
213124,Chema,df,rb,rb
5147,Choco Lozano,fw,st,cam
3645,Chory Castro,md,ram,ram
373713,Christian Rivera,md,cam,cam
485464,Christian Rutjens,df,lb,lb
400558,Chuca,md,ram,ram
107413,Chul Hong,df,rb,rb
3460,Coke,df,cb,lcm
3358,Cristian Tello,fw,rw,ram
3322,Cristiano Ronaldo,fw,st,cam
340,Cuco Martina,df,cb,rcm
3963,Cuéllar,gk,gk,cb
70389,Cédric Soares,df,lb,lcm
49856,D. Abraham,df,cb,cdm
14724,D. Alaba,df,rb,ram
28251,D. Alcibiade,df,cb,cdm
38598,D. Alibec,fw,rw,ram
13484,D. Alli,md,cam,cam
217078,D. Amartey,md,lcm,lb
14885,D. Aogo,df,rb,rcm
403613,D. Arzani,md,ram,ram
20866,D. Astori,df,rb,rcm
407699,D. Avounou,md,rcm,rcm
331918,D. Bahamboula,md,cam,cam
15777,D. Baier,md,rcm,rcm
21507,D. Baselli,md,cm,cm
20575,D. Basta,df,lb,lcm
14913,D. Benaglio,gk,gk,cb
209400,D. Berardi,fw,lw,lam
21282,D. Biondini,md,lam,lam
206318,D. Biraschi,df,lb,lcm
38,D. Blind,df,rb,rcm
16609,D. Blum,md,ram,ram
137143,D. Boldor,df,cb,cb
20393,D. Bonera,df,lb,lb
8034,D. Boyata,df,cb,cdm
127928,D. Brašanac,md,lcm,lcm
295747,D. Bronn,df,lb,lb
15399,D. Brosinski,df,rb,rcm
356908,D. Burnic,md,ram,ram
75137,D. Böde,fw,st,st
257028,D. Calabria,df,lb,lcm
14989,D. Caligiuri,md,lcm,lcm
293687,D. Calvert-Lewin,fw,st,cam
256478,D. Cataldi,md,cm,cm
335634,D. Ceter,fw,rw,cam
4513,D. Cheryshev,md,ram,ram
125273,D. Colindres,fw,rw,ram
25786,D. Congré,df,rb,rcm
14717,D. Contento,df,rb,rb
21094,D. D'Ambrosio,df,cb,cm
26399,D. Da Silva,df,cb,cdm
20638,D. Dainelli,df,cb,cdm
20438,D. De Rossi,md,cm,cm
8583,D. Delaney,df,rb,rb
15937,D. Demme,md,cm,cm
20875,D. Dessena,md,lcm,lcm
20972,D. Di Gennaro,md,cam,cam
15129,D. Didavi,md,cam,cam
14888,D. Diekmeier,df,lb,lcm
8495,D. Drinkwater,md,cm,cm
8436,D. Edwards,md,cdm,cdm
21861,D. Falcinelli,fw,st,cam
20516,D. Faraoni,df,lb,lcm
7932,D. Fletcher,md,cm,cm
25638,D. Foulquier,df,lb,lcm
105606,D. Garmash,md,ram,ram
12536,D. Gayle,fw,st,cam
367621,D. Geiger,md,cm,cm
14845,D. Ginczek,fw,st,cam
101623,D. Glushakov,md,cam,cam
3433,D. Godín,df,rb,rcm
7989,D. Gosling,md,cm,cm
283142,D. Gray,md,ram,ram
84536,D. Grigore,df,rb,rb
125260,D. Guzmán,md,rcm,rcm
16843,D. Heintz,df,rb,rb
8955,D. Ings,fw,lw,cam
160,D. Janmaat,df,lb,lcm
15810,D. Kaiser,md,lam,lam
365880,D. Kamada,md,cam,cam
437057,D. Khalid,fw,lw,cam
56,D. Klaassen,md,cm,cm
165425,D. Kohr,md,cm,cm
82520,D. Kolář,md,cm,cm
101663,D. Kombarov,df,rb,ram
240042,D. Kownacki,fw,lw,cam
220971,D. Kuzyaev,md,lcm,lcm
82684,D. Lafata,fw,st,cam
16303,D. Latza,md,rcm,rcm
116269,D. Laxalt,md,rcm,rcm
127534,D. Lazović,md,lam,lam
487983,D. Lempereur,df,rb,rcm
82510,D. Limberský,df,rb,rcm
28990,D. Liénard,md,rcm,rcm
25393,D. Lovren,df,cb,cdm
291528,D. Lukebakio,md,lam,lam
21306,D. Maietta,df,cb,cdm
15122,D. Maroh,df,cb,cb
532949,D. McNeil,md,ram,rw
122,D. Mertens,fw,st,cam
37796,D. Miličević,md,ram,ram
8603,D. Murphy,fw,st,cam
38079,D. Opare,df,lb,lcm
134708,D. Origi,fw,lw,cam
25662,D. Ospina,gk,gk,cb
82644,D. Pavelka,md,cm,cm
49979,D. Pavlovic,df,rb,rcm
25714,D. Payet,md,cam,cam
3475,D. Perotti,fw,rw,ram
37739,D. Praet,md,cam,cam
466,D. Pröpper,md,rcm,rcm
21351,D. Pudil,df,rb,rcm
62071,D. Randolph,gk,gk,cb
379209,D. Rice,df,cb,cdm
116283,D. Rolán,fw,rw,ram
8292,D. Rose,df,rb,ram
134427,D. Rugani,df,cb,cdm
26610,D. Sakho,fw,st,cam
7982,D. Santon,df,rb,rcm
134399,D. Selke,fw,st,cam
26196,D. Sidibé,df,lb,lcm
149019,D. Simpson,df,lb,lb
93003,D. Siovas,df,rb,cdm
286831,D. Solanke,fw,st,cam
105332,D. Srna,df,lb,lcm
8086,D. Stephens,md,lcm,lcm
7907,D. Sturridge,fw,st,cam
135747,D. Subašić,gk,gk,cb
3974,D. Suárez,df,lb,lcm
257762,D. Sánchez,df,cb,cdm
383,D. Tadić,md,cam,cam
91064,D. Torres,md,cdm,cdm
127530,D. Tošić,df,rb,rb
352988,D. Upamecano,df,rb,rcm
343925,D. Verde,fw,rw,cm
69396,D. Vida,df,rb,rb
136509,D. Ward,gk,gk,cb
26652,D. Wass,md,lam,lam
7945,D. Welbeck,fw,rw,ram
8745,D. Whitehead,md,cdm,cdm
15823,D. Williams,md,cm,cm
252365,D. Yedlin,df,lb,lcm
397028,D. Zagadou,df,rb,rcm
360992,D. Zakaria,md,cm,cm
86243,D. Zapata,fw,st,cam
22889,D. Zappacosta,df,lb,lcm
14772,D. da Costa,df,lb,lcm
230626,D. Ćaleta-Car,df,rb,rb
69610,D. Čop,fw,rw,cam
65090,D. Švento,df,rb,rb
298212,Dalbert,df,rb,rcm
3334,Dani Alves,df,lb,lcm
4371,Dani Castellano,df,rb,rcm
326523,Dani Ceballos,md,cam,cam
5542,Dani García,md,rcm,rcm
4319,Dani Giménez,gk,gk,cb
293856,Dani Molina,md,ram,rw
4343,Dani Pacheco,md,ram,ram
3286,Dani Parejo,md,cm,cm
412897,Dani Raba,md,lam,lam
22381,Daniel Bessa,md,cam,cam
70140,Daniel Carriço,df,cb,cdm
4501,Daniel Carvajal,df,lb,lcm
20583,Danilo,df,cb,cdm
70083,Danilo,df,cb,cm
105523,Danilo Avelar,df,rb,rcm
20496,Danilo Pereira,md,cm,cm
15010,Dante,df,cb,cdm
400564,Darío Poveda,fw,rw,ram
551398,David Alba,df,rb,rb
4355,David García,df,cb,cdm
4780,David Juncà,df,rb,rcm
7892,David Luiz,df,cb,cdm
4303,David López,df,lb,lcm
8317,David Silva,md,cam,cam
4936,David Simón,df,lb,lcm
278320,David Soria,gk,gk,cb
7910,David de Gea,gk,gk,cb
3667,De La Bella,df,rb,rcm
3421,De Marcos,df,lb,lam
8323,Denis Suárez,md,ram,ram
3348,Deulofeu,fw,lw,lam
270866,Diego Carlos,df,cb,cdm
4338,Diego Costa,fw,rw,ram
23314,Diego Farias,fw,rw,cam
247169,Diego González,df,rb,rcm
225996,Diego Llorente,df,cb,cdm
3519,Diego López,gk,gk,cb
169002,Diego Rico,df,rb,rcm
250805,Djené,df,lb,cdm
8537,Dong-Won Ji,fw,rw,rcm
105334,Douglas Costa,md,cam,cam
443324,Douglas Luiz,md,cam,cam
143566,Douglas Santos,df,rb,rcm
3798,Dídac Vilá,df,rb,rcm
40574,Dória,df,rb,rcm
423162,E. Ampadu,df,cb,cdm
256998,E. Bailly,df,lb,lb
280383,E. Bardhi,md,rcm,rcm
388099,E. Bearzotti,md,lcm,lcm
230687,E. Berggreen,fw,st,cam
50849,E. Berisha,gk,gk,cb
15952,E. Bičakčić,df,cb,cdm
56183,E. Bjarnason,md,rcm,rcm
338201,E. Boateng,fw,st,cam
29590,E. Bourgaud,md,lcm,lcm
454457,E. Brignola,fw,lw,lam
278049,E. Cabaco,df,lb,lb
18550,E. Can,md,cm,cm
25798,E. Capoue,md,cm,cm
239290,E. Capradossi,df,lb,lb
21174,E. Cavani,fw,st,cam
266312,E. Cecchini,md,lcm,lcm
15198,E. Choupo-Moting,fw,rw,ram
275032,E. Crivelli,fw,st,cam
116364,E. Davis,df,rb,rcm
352328,E. Demirović,fw,st,cam
14787,E. Derdiyok,fw,lw,cam
210044,E. Dier,md,cm,cm
8327,E. Džeko,fw,st,cam
265318,E. Fernandes,md,lcm,lcm
51132,E. Forsberg,md,ram,ram
70112,E. Garay,df,lb,lb
20468,E. Giaccherini,md,ram,ram
246059,E. Goldaniga,df,lb,cdm
92982,E. Guðjohnsen,fw,lw,lcm
79248,E. Hajsafi,df,rb,rb
21314,E. Hallfreðsson,md,cm,cm
25707,E. Hazard,fw,rw,cam
259531,E. Hyndman,md,cm,cm
21001,E. Hysaj,df,lb,lcm
70171,E. Imorou,df,rb,rcm
70139,E. Insúa,df,rb,rcm
93084,E. Jakupovic,gk,gk,cb
51343,E. Johansson,df,lb,lb
16122,E. Kachunga,fw,lw,lam
37896,E. Kawashima,gk,gk,cb
93608,E. Kaçe,md,cm,cm
105595,E. Khacheridi,df,lb,lb
51064,E. Krafth,df,lb,lb
286381,E. Kwateng,df,lb,lb
21636,E. Lamanna,gk,gk,cb
20441,E. Lamela,md,lam,lam
50318,E. Lenjani,df,rb,ram
566942,E. Loiodice,md,cm,cm
70085,E. Mangala,df,rb,rcm
7848,E. Martínez,gk,gk,cb
373817,E. Massouema,md,cdm,cdm
281255,E. Mor,fw,rw,ram
21279,E. Moretti,df,rb,rb
20808,E. Muñoz,df,cb,cb
346158,E. Nketiah,fw,lw,lam
266532,E. Ofori,md,lcm,lcm
107,E. Pieters,df,rb,rcm
15193,E. Polanski,md,cm,cm
284322,E. Ponce,fw,st,cam
90268,E. Pulgar,md,cdm,cdm
86234,E. Pérez,md,lam,lam
337903,E. Rexhbecaj,md,rcm,rcm
25809,E. Rivière,fw,st,cam
399673,E. Rolón,md,cm,cm
25605,E. Sala,fw,st,cam
520774,E. Salcedo,fw,rw,rw
3445,E. Salvio,md,lam,lam
20855,E. Schelotto,df,lb,lcm
21517,E. Schiavon,md,lcm,lcm
29588,E. Seka,df,cb,rcm
246946,E. Skhiri,md,lcm,lcm
404227,E. Taha,fw,rw,cam
224971,E. Thommy,md,cam,cam
354470,E. Torrasi,md,ram,ram
20802,E. Viviano,gk,gk,cb
25521,E. Zelazny,gk,gk,cb
33091,E. Zengin,md,ram,ram
279541,E. Zidane,md,cm,cm
38532,E. Zukanović,df,rb,rcm
448210,E. Álvarez,df,lb,lcm
32652,E. Çolak,md,cam,cam
274435,E. Ünal,fw,st,cam
20626,Eder,fw,st,cam
71654,Ederson,gk,gk,cb
70959,Edgar Ié,df,lb,lcm
499843,Edu Expósito,md,lcm,lcm
3570,Eliseu,df,rb,ram
167104,Eloi Amagat,md,ram,ram
40787,Emerson,df,rb,rcm
6370,Eraso,md,cam,cam
489417,Erik Expósito,fw,st,cam
167118,Erik Morán,md,cm,cm
120269,Essam El Hadary,gk,gk,cdm
4113,Etxeita,df,cb,cdm
45579,Everton Luiz,md,cm,cm
20635,F. Acerbi,df,cb,cdm
6165,F. Andone,fw,rw,cam
90991,F. Armani,gk,gk,cb
149848,F. Avenatti,fw,st,cam
245807,F. Bahlouli,md,cam,cam
25704,F. Balmont,md,lcm,lcm
112679,F. Baloy,df,cb,cdm
16027,F. Bartels,md,lam,lam
25937,F. Bellugou,df,cb,cdm
120784,F. Ben Mustapha,gk,gk,cb
209354,F. Ben Youssef,fw,lw,lam
246061,F. Bernardeschi,md,lam,lam
239298,F. Bonazzoli,fw,lw,lam
20449,F. Borini,fw,lw,cam
209014,F. Boulaya,md,ram,ram
231713,F. Bradarić,md,cm,cm
21607,F. Cacciatore,df,lb,lcm
101635,F. Caicedo,fw,st,cam
434142,F. Caligara,md,rcm,rcm
125512,F. Calvo,df,rb,rcm
302798,F. Cassata,md,cam,cam
21528,F. Ceccherini,df,cb,cdm
22686,F. Ceravolo,fw,rw,cam
29748,F. Chafik,df,lb,lcm
447804,F. Chiesa,md,cam,cam
7864,F. Coquelin,md,cm,cm
134420,F. Costa,df,rb,rcm
8464,F. Delph,md,ram,ram
415809,F. Depaoli,md,lcm,lcm
259292,F. Di Francesco,fw,rw,cam
8628,F. Di Santo,fw,st,cam
277002,F. Diabaté,fw,rw,ram
14990,F. Diagne,df,cb,cdm
286915,F. Eboa Eboa,df,cb,cdm
273683,F. Escobar,df,cb,cdm
471947,F. Evina,fw,rw,ram
25888,F. Fajr,md,cm,cm
3463,F. Fazio,df,cb,cdm
21164,F. Fernández,df,cb,cdm
61941,F. Forster,gk,gk,cb
49869,F. Frei,md,cm,cm
25849,F. Ghoulam,df,rb,ram
135561,F. Grillitsch,md,cm,cm
28908,F. Guilbert,df,lb,lcm
282550,F. Hadergjonaj,df,lb,lcm
50805,F. Helander,df,rb,rb
18581,F. Hübner,df,lb,lb
15804,F. Johnson,md,rcm,rcm
65055,F. Kainz,md,ram,ram
334552,F. Kamano,fw,rw,ram
269490,F. Kath,md,ram,ram
285109,F. Kessié,md,lam,lam
15456,F. Klaus,md,cam,cam
64972,F. Klein,df,lb,lcm
127796,F. Kostić,md,ram,ram
101647,F. Kudryashov,df,rb,rcm
382289,F. Kusič,df,rb,rb
13745,F. Ladapo,fw,st,st
3523,F. Lejeune,df,cb,cdm
22614,F. Lucioni,df,cb,cdm
15103,F. Lustenberger,df,cb,cdm
22162,F. Magnanelli,md,cm,cm
366571,F. Maouassa,md,ram,ram
146590,F. Mattiello,df,rb,rcm
391551,F. Mayer,df,lb,lcm
276979,F. Mendy,df,rb,rcm
22559,F. Migliore,df,rb,rcm
30437,F. Mollet,md,cam,cam
49919,F. Moubandje,df,rb,rcm
264989,F. Mubele,fw,lw,cam
32641,F. Muslera,gk,gk,cb
337647,F. Müller,gk,gk,cb
15503,F. Niederlechner,fw,lw,cam
3843,F. Orellana,md,cam,cam
356906,F. Passlack,md,lcm,lcm
20842,F. Peluso,df,rb,rcm
22732,F. Pisacane,df,cb,cdm
26085,F. Pogba,df,rb,rb
116345,F. Píriz,md,cm,cm
20479,F. Quagliarella,fw,st,cam
337775,F. Reese,fw,lw,lam
14726,F. Ribéry,md,ram,ram
278007,F. Ricca,df,rb,rcm
250956,F. Ricci,fw,lw,lam
283832,F. Romagna,df,lb,lb
86183,F. Roncaglia,df,cb,cdm
22053,F. Rossi,gk,gk,cdm
25835,F. Sammaritano,md,cam,cam
120853,F. Sassi,md,cm,cm
50102,F. Schär,df,cb,cdm
101707,F. Smolov,fw,rw,cam
99634,F. Starzyński,md,ram,rw
20680,F. Sørensen,df,lb,lcm
25805,F. Tabanou,md,rcm,rcm
209209,F. Tait,md,cam,cam
25770,F. Thauvin,fw,lw,lam
286917,F. Touré,df,rb,rcm
337682,F. Uduokhai,df,cb,cdm
285491,F. Uzoho,gk,gk,cb
364005,F. Valverde,md,rcm,rcm
134954,F. Veseli,df,lb,lb
263432,F. Vicari,df,cb,cdm
20448,F. Viviani,md,cm,cm
20823,F. Vázquez,md,cam,cam
24024,F. Zampano,df,cb,lcm
3736,F. Zuculini,md,lcm,lcm
174,F. Đuričić,md,ram,ram
207143,Fabinho,md,cm,cm
519496,Fabio González,md,lcm,lcm
346195,Fabián,md,lcm,lcm
122623,Fahad Al Muwallad,fw,lw,lam
230897,Fede Cartabia,md,lam,lam
38082,Felipe,df,rb,rb
20928,Felipe,df,rb,rb
40806,Felipe Anderson,md,cam,cam
105339,Fernandinho,md,cm,cm
3424,Fernando Llorente,fw,st,cam
3465,Fernando Navarro,df,rb,rb
3299,Fernando Pacheco,gk,gk,cb
7908,Fernando Torres,fw,rw,cam
397303,Ferrán Torres,md,lam,lam
3434,Filipe Luis,df,rb,rcm
3337,Fontàs,df,rb,rb
372753,Francis Guerrero,fw,lw,lam
3350,Fàbregas,md,cam,cam
40707,Fágner,df,lb,lcm
22677,G. Angella,df,cb,cdm
8278,G. Bale,fw,lw,cam
8314,G. Barry,md,cm,cm
20845,G. Bonaventura,md,ram,ram
26495,G. Bong,df,rb,rcm
20455,G. Buffon,gk,gk,cb
64995,G. Burgstaller,fw,st,cam
3916,G. Cabral,df,cb,cdm
7887,G. Cahill,df,cb,cdm
58978,G. Cameron,df,cb,cdm
21376,G. Caprari,fw,rw,ram
86239,G. Carrillo,fw,st,cam
14770,G. Castro,md,cam,cam
354043,G. Chaalali,md,cam,cam
20461,G. Chiellini,df,rb,rcm
368642,G. Crociata,md,ram,ram
213364,G. De Arrascaeta,md,ram,ram
23149,G. Defrel,fw,lw,lam
21578,G. Di Chiara,df,rb,rb
21469,G. Donati,df,lb,lcm
350999,G. Donnarumma,gk,gk,cb
295273,G. Donsah,md,rcm,rcm
212644,G. Escalante,md,lam,lam
286225,G. Felicioli,df,rb,rcm
20591,G. Fernandes,md,cm,cm
22270,G. Ferrari,df,rb,rcm
28948,G. Fofana,md,lcm,lcm
272280,G. Gaudino,md,ram,ram
37734,G. Gillet,md,rcm,rcm
125286,G. González,df,lb,lb
132972,G. Gope-Fenepej,fw,st,cam
59083,G. Gómez,md,cdm,cdm
32524,G. Gönül,df,lb,lcm
94650,G. Haraguchi,md,cam,cam
330395,G. Hein,md,ram,ram
3323,G. Higuaín,fw,st,cam
224896,G. Holtmann,md,ram,ram
25942,G. Imbula,md,cm,cm
425923,G. Itter,df,rb,rb
7957,G. Johnson,df,lb,lcm
241966,G. Jung,df,cb,cdm
26384,G. Kakuta,md,cam,cam
14900,G. Kačar,md,cdm,cdm
15206,G. Király,gk,gk,cb
25623,G. Kondogbia,md,cm,cm
25537,G. Krychowiak,md,cm,cm
27955,G. Laborde,fw,st,cam
115933,G. Lapadula,fw,st,cam
24838,G. Letizia,df,cb,rcm
356237,G. Lo Celso,md,cm,cm
75292,G. Lovrencsics,md,ram,ram
346913,G. Mancini,df,cb,cdm
25503,G. Mandjeck,md,rcm,rcm
224080,G. Maripán,df,cb,cb
8362,G. McAuley,df,cb,cdm
86220,G. Mercado,df,lb,lcm
8416,G. Murray,fw,st,cam
8096,G. Myhill,gk,gk,cdm
26414,G. N'Gosso,md,cm,cm
270828,G. N'Koudou,fw,rw,ram
372547,G. Nyamsi,df,lb,cdm
25816,G. Ochoa,gk,gk,cb
21177,G. Pandev,fw,st,cam
20536,G. Pazzini,fw,rw,cam
20771,G. Pegolo,gk,gk,cb
20628,G. Pellè,fw,rw,cam
86328,G. Pezzella,df,lb,lcm
388398,G. Pezzella,df,rb,rcm
29642,G. Peñalba,md,cdm,cdm
86828,G. Pizarro,md,cdm,cdm
86486,G. Poblete,md,cm,cm
137161,G. Puşcaş,fw,rw,cam
20689,G. Ramírez,md,cam,cam
3548,G. Rossi,fw,st,cam
86212,G. Rulli,gk,gk,cb
14749,G. Sakai,df,cb,lcm
347024,G. Scamacca,fw,lw,cam
15245,G. Schildenfeld,df,cb,cb
25598,G. Sertic,md,cdm,cdm
101585,G. Shchennikov,df,rb,rcm
94828,G. Shibasaki,md,cam,cam
94814,G. Shōji,df,rb,rb
77558,G. Sigurðsson,md,ram,ram
269152,G. Simeone,fw,st,cam
14945,G. Sio,fw,st,cam
26044,G. Sunu,fw,rw,cam
32798,G. Svensson,md,cdm,cdm
20596,G. Torje,md,lam,lam
116997,G. Torres,fw,st,cam
116166,G. Varela,df,lb,lcm
461671,G. Volpicelli,md,lcm,lcm
8744,G. Whelan,md,cdm,cdm
116,G. Wijnaldum,md,cam,cam
49876,G. Xhaka,md,cm,cm
8297,G. dos Santos,fw,lw,cam
45,G. van der Wiel,df,lb,lcm
3441,Gabi,md,lcm,lcm
41363,Gabriel,df,cb,cdm
415917,Gabriel,df,rb,rb
43051,Gabriel,md,rcm,rcm
340386,Gabriel Jesus,fw,st,cam
21550,Gabriel Silva,df,rb,rcm
40800,Ganso,md,cam,cam
227059,Gelson Martins,fw,lw,lcm
5400,Gerard Moreno,fw,lw,cam
275497,Gerard Valentín,df,lb,lcm
340019,Gerson,md,cam,cam
338249,Gil Dias,fw,lw,lam
8266,Gomes,gk,gk,cb
237034,Gonçalo Guedes,fw,rw,ram
3317,Granero,md,cm,cm
3267,Guaita,gk,gk,cb
5481,Guerrero,fw,st,cam
70834,Guilherme,md,lam,lam
40614,Guilherme,md,cm,cm
336371,Guilherme Arana,df,rb,rb
263091,Gumbau,md,rcm,rcm
3970,Gálvez,df,cb,cdm
397046,H. Aouar,md,ram,ram
9283,H. Arter,md,cm,cm
112777,H. Ayala,df,cb,cb
14715,H. Badstuber,df,cb,cdm
32642,H. Balta,df,rb,cdm
448708,H. Barnes,md,ram,rw
26069,H. Bazile,fw,rw,cam
25988,H. Bedimo,df,rb,rcm
419784,H. Choudhury,md,cdm,cdm
116293,H. Cummings,df,cb,cb
56394,H. Dalsgaard,df,lb,lcm
294697,H. Diallo,fw,lw,lw
57226,H. Halldórsson,gk,gk,cb
280419,H. Hateboer,df,lb,lam
112459,H. Herrera,md,cam,cam
8717,H. Kane,fw,st,cam
408052,H. Koffi,gk,gk,cb
25381,H. Lloris,gk,gk,cb
295156,H. Lozano,fw,rw,ram
135207,H. Magnússon,df,rb,rcm
8653,H. Maguire,df,rb,rcm
437011,H. Mahou,md,ram,ram
229198,H. Manzala,md,ram,ram
285457,H. Maïga,md,lcm,lcm
426702,H. Mendyl,df,rb,rcm
105338,H. Mkhitaryan,md,cam,cam
3795,H. Moreno,df,rb,rb
293080,H. Nagguez,df,lb,lam
15012,H. Nordtveit,md,cdm,cdm
3539,H. Pérez,md,lam,lam
8686,H. Robson-Kanu,fw,lw,lam
25604,H. Saivet,md,cdm,cdm
94695,H. Sakai,df,lb,lcm
20766,H. Seferović,fw,st,cam
393881,H. Toledo,fw,lw,lam
228963,H. Traoré,df,lb,lcm
240070,H. Winks,md,cm,cm
95010,H. Yamaguchi,md,rcm,rcm
221039,H. Ziyech,md,cam,cam
15524,H. Çalhanoğlu,md,ram,ram
404209,Han Kwang-Song,fw,st,cam
122615,Hattan Bahbir,md,lam,lam
134797,Hernani,md,cam,cam
4366,Hernán,md,lcm,lcm
25993,Hilton,df,cb,cdm
545811,Hugo Duro,fw,rw,cam
3827,Hugo Mallo,df,lb,lcm
122918,Hussain Al Mogahwi,md,lam,lam
349687,Hwang Hee-Chan,fw,lw,cam
138633,Hyun-Soo Jang,df,cb,cdm
256043,Hyun-Woo Cho,gk,gk,cb
6925,Héctor,df,rb,rcm
20390,I. Abate,df,lb,lcm
3343,I. Afellay,md,lcm,lcm
101576,I. Akinfeev,gk,gk,cb
28232,I. Amadou,md,cdm,cdm
224801,I. Bebou,fw,st,cam
20692,I. Belfodil,fw,st,cam
255935,I. Brown,fw,rw,ram
25534,I. Cissokho,df,lb,lcm
22158,I. Cofie,md,cdm,cdm
25859,I. Diomandé,md,cdm,cdm
286380,I. Diop,df,lb,lcm
241134,I. Díaz,fw,rw,ram
38094,I. Ezekiel,fw,st,cam
471771,I. Faraj,md,lam,lam
208089,I. Fossum,md,rcm,rcm
521939,I. Ganago,fw,st,cam
25706,I. Gueye,md,cm,cm
49992,I. Hajrović,md,lam,lam
134294,I. Hayden,md,lcm,lcm
51262,I. Kiese Thelin,fw,lw,cam
393247,I. Konaté,df,lb,lcm
103668,I. Kutepov,df,lb,cdm
99633,I. Lewczuk,df,lb,lcm
22377,I. M'baye,df,lb,lcm
276983,I. Mbenza,fw,lw,cam
498357,I. Niane,fw,rw,ram
14812,I. Perišić,md,ram,ram
21564,I. Radovanović,md,cdm,cdm
3476,I. Rakitić,md,cm,cm
26327,I. Saadi,fw,st,cam
412701,I. Sacko,fw,lw,cam
375001,I. Sangaré,md,cm,cm
15004,I. Santini,fw,st,cam
448079,I. Sarr,md,cam,cam
119630,I. Slimani,fw,rw,cam
373441,I. Smith,df,lb,lw
101825,I. Smolnikov,df,lb,lam
105361,I. Strinić,df,rb,rcm
285509,I. Success,fw,lw,lam
203113,I. Sylla,df,rb,rcm
14758,I. Traoré,md,lam,lam
26086,I. Traoré,df,lb,lb
3840,Iago Aspas,fw,lw,lam
8148,Iago Falqué,fw,lw,lam
4476,Iago Herrerín,gk,gk,cb
3423,Ibai Gómez,md,lam,lam
3676,Illarramendi,md,cm,cm
279570,Imanol Sarriegi,md,cam,cam
3353,Iniesta,md,ram,ram
3399,Iraizoz,gk,gk,cb
3563,Isco,md,ram,ram
3414,Iturraspe,md,cm,cm
70974,Iuri Medeiros,fw,lw,cam
254189,Ivi,fw,rw,ram
279555,Iván Alejo,md,lam,lam
4786,Iván Balliu,df,lb,lcm
3919,Iván López,df,lb,lcm
352748,Iván Rodríguez,df,lb,lcm
247141,Iñaki Williams,fw,lw,lam
344075,Iñigo Córdoba,md,ram,ram
125284,J. Acosta,df,cb,cdm
141172,J. Aholou,md,cm,cm
77548,J. Allen,md,cm,cm
213308,J. Alonso,df,rb,rb
214628,J. Amavi,df,rb,rcm
145787,J. Andersen,df,cb,cdm
491365,J. Arp,fw,st,cam
279780,J. Augustin,fw,st,cam
25571,J. Ayew,fw,rw,cam
276944,J. Bamba,fw,lw,cam
15188,J. Baumgartlinger,md,cm,cm
240032,J. Bednarek,df,cb,cdm
385655,J. Billong,df,lb,lb
26543,J. Blayac,fw,st,cam
14716,J. Boateng,df,lb,lcm
227756,J. Boga,fw,lw,lw
26970,J. Bouet,gk,gk,cdm
146583,J. Brandt,md,cam,cam
284469,J. Brekalo,md,cam,cam
25411,J. Briand,fw,rw,ram
18974,J. Brooks,df,rb,cdm
14887,J. Bruma,df,lb,lb
347366,J. Bruun Larsen,fw,lw,cm
8094,J. Butland,gk,gk,cb
58105,J. Böðvarsson,fw,st,cam
14804,J. Błaszczykowski,md,lam,lam
228902,J. Calleri,fw,st,cam
26038,J. Campbell,fw,lw,lam
9615,J. Chester,df,cb,cdm
33,J. Cillessen,gk,gk,gk
8005,J. Collins,df,cb,cdm
26433,J. Cordoval,df,lb,lcm
8125,J. Cork,md,cm,cm
112522,J. Corona,fw,st,st
207001,J. Correa,md,ram,ram
20751,J. Cuadrado,md,lam,lam
365707,J. Cullen,md,lcm,lcm
91519,J. Córdoba,fw,st,cam
8296,J. Defoe,fw,st,cam
38236,J. Delaplace,md,lcm,lcm
437636,J. Deminguet,md,ram,ram
278872,J. Denayer,df,rb,rb
7850,J. Djourou,df,cb,cdm
248632,J. Dompé,md,lam,lam
14862,J. Draxler,md,ram,ram
50023,J. Drmic,fw,lw,cam
50812,J. Durmaz,md,cam,cam
366203,J. Eggestein,fw,st,cam
413041,J. El Yamiq,df,cb,cdm
135788,J. Elez,df,rb,rb
7914,J. Evans,df,cb,cdm
14872,J. Farfán,fw,rw,ram
25403,J. Ferri,md,lcm,lcm
364850,J. Firpo,df,rb,rcm
62344,J. Fulton,md,rcm,rcm
25647,J. Féret,md,cm,cm
336178,J. Gallardo,md,rcm,rb
228980,J. Gbamin,md,cdm,cdm
15455,J. Geis,md,lcm,lcm
301013,J. Gelin,df,lb,lcm
227894,J. Giménez,df,lb,cdm
29291,J. Giraudon,df,lb,lb
366581,J. Gnagnon,df,cb,cdm
257899,J. Gomez,df,lb,lcm
17136,J. Gondorf,md,cam,cam
159,J. Gouweleeuw,df,cb,cdm
82230,J. Greguš,md,rcm,rcm
29137,J. Grimm,md,lcm,lcm
151,J. Guidetti,fw,st,cam
25861,J. Guilavogui,md,lcm,lcm
93,J. Guðmunds­son,md,lam,lam
100140,J. Góralski,md,rcm,rcm
15487,J. Haberer,md,cam,cam
8301,J. Hart,gk,gk,cb
18669,J. Hector,df,rb,rcm
7964,J. Henderson,md,cm,cm
8980,J. Hendrick,md,cam,cam
7941,J. Hernández,fw,lw,cam
18591,J. Hofmann,md,lam,lam
8897,J. Hogg,md,cdm,cdm
92899,J. Holebas,df,rb,rcm
284524,J. Horn,df,rb,rcm
280157,J. Hugill,fw,rw,cam
9739,J. Ibe,md,lam,lam
26055,J. Ielsch,df,rb,rcm
28528,J. Ikoko,df,cb,lcm
344744,J. Ikoné,fw,lw,lam
20820,J. Iličić,fw,lw,lam
217872,J. Iloki,md,lam,lam
62743,J. Irvine,md,lam,lam
91381,J. Izquierdo,fw,rw,ram
354547,J. Jankto,md,ram,ram
65084,J. Jantscher,md,lam,lam
278913,J. Kayembe,md,lam,lam
286825,J. Kenny,df,lb,lcm
224593,J. Kimmich,df,lb,lam
9637,J. King,fw,rw,cam
55957,J. Knudsen,df,rb,rcm
16884,J. Korb,df,lb,lcm
410062,J. Koundé,df,lb,lb
21285,J. Kucka,md,lcm,lcm
21620,J. Kurtič,md,cam,cam
8833,J. Lascelles,df,lb,lb
325781,J. Lea Siliki,md,cam,cam
61963,J. Ledley,md,rcm,rcm
255738,J. Lerma,md,cm,cm
7934,J. Lingard,md,cam,cam
8285,J. Livermore,md,lcm,lcm
120,J. Locadia,fw,lw,lam
274488,J. Lolley,md,ram,ram
37745,J. Lukaku,df,rb,ram
56038,J. Lössl,gk,gk,cb
62235,J. Magennis,fw,lw,cam
352992,J. Makengo,md,ram,ram
30427,J. Marié,md,cm,cm
26065,J. Martin,md,cm,cm
25526,J. Martins-Pereira,df,lb,lcm
3355,J. Mascherano,df,cb,cdm
14870,J. Matip,df,lb,lcm
239294,J. Mauri,md,lam,lam
8623,J. McArthur,md,cm,cm
8624,J. McCarthy,md,cm,cm
8530,J. McClean,md,ram,ram
8319,J. Milner,md,cam,cam
91702,J. Mojica,df,rb,rcm
3599,J. Montero,md,ram,ram
25557,J. Morel,df,rb,rb
8374,J. Morrison,md,cam,cam
15782,J. Morávek,md,cm,cm
26216,J. Moulin,gk,gk,cb
4065,J. Murillo,df,rb,rb
62091,J. Murphy,md,ram,ram
293686,J. Murphy,md,cam,cam
91122,J. Narváez,md,cam,cam
448038,J. Ngoy,fw,rw,ram
209211,J. Nkololo,md,lam,lam
8522,J. O'Shea,df,cb,cb
20525,J. Obi,md,rcm,rcm
7898,J. Obi Mikel,md,cm,cm
209207,J. Obiang,df,rb,rcm
70273,J. Oblak,gk,gk,cb
25919,J. Palmieri,df,rb,rcm
86366,J. Palomino,df,cb,cdm
25440,J. Pastore,md,cam,cam
253822,J. Pavlenka,gk,gk,cb
125774,J. Penedo,gk,gk,cb
10131,J. Pickford,gk,gk,cb
25415,J. Pied,df,lb,lcm
69964,J. Pivarić,df,rb,rcm
25596,J. Plašil,md,cm,cm
35477,J. Pohjanpalo,fw,st,cam
241957,J. Pollersbeck,gk,gk,cb
280116,J. Porsan-Clemente,fw,lw,lcm
229078,J. Prior,gk,gk,cb
8142,J. Puncheon,md,ram,ram
91019,J. Quintero,md,lam,lam
366542,J. Reine-Adelaide,md,lam,lam
234138,J. Repas,md,ram,ram
240559,J. Riedewald,df,rb,rcm
61367,J. Risdon,df,lb,lcm
26138,J. Rivierez,df,lb,lcm
401861,J. Rodriguez,md,ram,ram
8958,J. Rodriguez,fw,st,cam
70096,J. Rodríguez,md,cam,cam
25457,J. Roussillon,df,rb,ram
14904,J. Sala,df,lb,lcm
335763,J. Sambia,md,cam,cam
447223,J. Sancho,md,ram,ram
14764,J. Schieber,fw,rw,ram
8501,J. Schlupp,df,rb,rcm
14997,J. Schmid,md,lcm,lcm
14998,J. Schuster,md,cdm,cdm
131959,J. Seri,md,cm,cm
472126,J. Serrano,df,rb,rcm
7967,J. Shelvey,md,cm,cm
137298,J. Silva,df,rb,rcm
415747,J. Simpson,df,rb,rb
302520,J. Sims,md,lam,lam
234408,J. Sinclair,fw,st,cam
104745,J. Skalák,md,lam,lw
25883,J. Sorbon,df,rb,rb
8391,J. Speroni,gk,gk,cb
8959,J. Stanislas,md,cam,cam
8136,J. Stephens,df,lb,lcm
9380,J. Stones,df,cb,cdm
56026,J. Stryger Larsen,df,lb,lcm
228768,J. Tah,df,lb,lcm
9433,J. Tarkowski,df,cb,cdm
278513,J. Tell,fw,lw,cam
26006,J. Tinhan,fw,lw,cam
149389,J. Toljan,df,cb,cm
8554,J. Tomkins,df,cb,cdm
275121,J. Torunarigha,df,rb,rb
3573,J. Toulalan,md,cdm,cdm
415748,J. Tymon,df,rb,rcm
70379,J. Urretavizcaya,md,lam,lw
503185,J. Vagnoman,df,lb,lam
12829,J. Vardy,fw,st,cam
125452,J. Venegas,md,cam,cam
25541,J. Veretout,md,rcm,rcm
48,J. Vertonghen,df,rb,rcm
15806,J. Vestergaard,df,cb,cdm
363648,J. Villalba,fw,st,st
192,J. Vuković,df,cb,cb
8752,J. Walters,fw,st,cam
8221,J. Ward,df,lb,lcm
8989,J. Ward,md,lam,lam
8144,J. Ward-Prowse,md,lam,lam
224677,J. Weigl,md,cm,cm
110,J. Willems,df,rb,rcm
8421,J. Williams,md,cam,cam
346159,J. Willock,md,rcm,rcm
7873,J. Wilshere,md,cam,cam
3535,J. de Guzmán,md,cm,cm
3349,J. dos Santos,md,ram,ram
101616,J. Ďurica,df,rb,rb
82359,J. Šural,fw,lw,lam
15781,Ja-Cheol Koo,md,cam,cam
299121,Jae-Sung Lee,md,lcm,lcm
396539,Jaime Sierra,md,cdm,cdm
3708,Jairo Samperio,md,cam,cam
247220,Jason,md,lam,lam
215265,Jaume,gk,gk,cb
3534,Jaume Costa,df,rb,rcm
4361,Javi Castellano,md,cdm,cdm
4332,Javi Fuego,md,cdm,cdm
70120,Javi García,md,cdm,cdm
3806,Javi López,df,lb,lcm
3436,Javi Manquillo,df,cb,rcm
3416,Javi Martínez,md,cm,cm
408293,Javi Ontiveros,md,lam,lam
263766,Jemerson,df,rb,rb
3326,Jesé Rodríguez,fw,rw,ram
3557,Jesús Gámez,df,rb,ram
3474,Jesús Navas,md,lam,lam
282441,Jesús Vallejo,df,cb,cdm
247207,Joan Jordán,md,cam,cam
3571,Joaquín,md,cam,cam
279571,Jon Bautista,fw,st,cam
279566,Jon Guridi,md,ram,ram
48318,Jonathan Cafu,fw,rw,ram
4379,Jonathan Viera,md,cam,cam
20728,Jonathas,fw,rw,cam
4424,Jonny,df,rb,rcm
6684,Jony,md,ram,ram
49862,Joo-Ho Park,df,rb,ram
3269,Jordi Alba,df,rb,ram
3788,Jordi Amat,df,cb,rcm
405977,Jordi Mboula,fw,lw,lam
300784,Jorge,df,rb,rcm
275384,Jorge Meré,df,cb,cdm
3605,Jorge Molina,fw,st,cam
21315,Jorginho,md,cam,cam
3327,Joselu,fw,st,cam
339857,José Arnáiz,fw,rw,ram
3313,José Callejón,fw,lw,lam
8126,José Fonte,df,cb,cdm
4892,José Gayá,df,rb,rcm
225089,José Luis Morales,md,cam,cam
265807,José Naranjo,fw,rw,ram
20436,José Ángel,df,rb,rcm
4911,Jozabed,md,rcm,rcm
135903,João Cancelo,df,lb,lcm
3431,João Miranda,df,cb,cdm
70093,João Moutinho,md,cm,cm
70965,João Mário,md,cam,cam
116171,João Pedro,md,ram,ram
3281,Juan Bernat,df,rb,ram
3468,Juan Cala,df,cb,cdm
568583,Juan Cruz,fw,lw,lam
20518,Juan Jesus,df,rb,rcm
7906,Juan Mata,md,lam,lam
3325,Juanfran,df,lb,lcm
3447,Juanfran,df,lb,lcm
3735,Juankar,df,rb,rcm
3576,Juanmi,fw,rw,ram
4360,Juanpe,df,cb,cdm
5791,Juanpi,md,cam,cam
388832,Julio Gracia,md,lcm,lcm
14866,Jurado,md,cam,cam
27354,Júlio Tavares,fw,st,cam
25957,K. Adénon,df,cb,cb
134392,K. Akpoguma,df,lb,lcm
352986,K. Amian,df,cb,cdm
79149,K. Ansarifard,fw,rw,ram
20588,K. Asamoah,md,rcm,rcm
28866,K. Azamoum,md,lcm,lcm
3710,K. Babacar,fw,st,cam
61979,K. Bartley,df,lb,lb
14786,K. Bellarabi,md,lam,lam
3321,K. Benzema,fw,st,cam
20402,K. Boateng,md,cam,cam
289827,K. Bonifazi,df,cb,cdm
29625,K. Boutaïb,fw,rw,cam
26665,K. Bérigaud,fw,st,cam
15795,K. Casteels,gk,gk,cb
21235,K. Cissé,fw,rw,ram
231139,K. Coman,fw,rw,ram
25444,K. Coulibaly,fw,st,cam
372904,K. Dabila,df,cb,cdm
366217,K. Danso,df,lb,lb
8826,K. Darlow,gk,gk,cb
38021,K. De Bruyne,md,cam,cam
221333,K. Demirbay,md,cm,cm
25523,K. Djidji,df,cb,cdm
281254,K. Dolberg,fw,lw,cam
244335,K. Dolly,fw,rw,ram
142,K. El Ahmadi,md,cm,cm
25445,K. Gameiro,fw,st,cam
7853,K. Gibbs,df,rb,rcm
21097,K. Glik,df,lb,lb
33032,K. Grosicki,md,ram,ram
14992,K. Guédé,fw,lw,lcm
425925,K. Havertz,md,lam,lam
279721,K. Hinds,fw,rw,rcm
101592,K. Honda,md,lam,lw
285508,K. Iheanacho,fw,lw,cam
391449,K. Jakob,df,cb,cdm
50771,K. Johnsson,gk,gk,cb
16110,K. Kampl,md,cam,cam
165431,K. Karaman,fw,rw,ram
6292,K. Kodro,fw,st,cam
25726,K. Koulibaly,df,rb,rcm
25408,K. Källström,md,rcm,rcm
62001,K. Lafferty,fw,st,cam
282804,K. Laimer,md,lcm,lcm
26498,K. Lala,df,cb,lcm
333913,K. Lasagna,fw,rw,cam
138174,K. Linetty,md,ram,ram
10108,K. Long,df,cb,cdm
144867,K. Malcuit,df,lb,lcm
25641,K. Mangane,df,lb,cdm
92966,K. Manolas,df,lb,lcm
413002,K. Mavropanos,df,cb,cdm
353833,K. Mbappé,fw,lw,cam
92922,K. Mirallas,md,cam,cam
93331,K. Mitroglou,fw,st,cam
26042,K. Monnet-Paquet,fw,rw,ram
99446,K. Mączyński,md,cm,cm
133897,K. N'Diaye,gk,gk,cb
331923,K. N'Doram,md,cdm,cdm
8336,K. Naughton,df,lb,lcm
3915,K. Navas,gk,gk,cb
354,K. Németh,fw,rw,ram
12,K. Omeruo,df,rb,rb
66654,K. Onisiwo,md,lam,lam
279709,K. Palmer,md,cam,cam
14857,K. Papadopoulos,df,cb,cdm
15039,K. Rausch,df,rb,rcm
8309,K. Rekik,df,cb,cdm
26603,K. Rimane,df,lb,lb
101813,K. Saláta,df,cb,cb
8480,K. Schmeichel,gk,gk,cb
66,K. Sigþórsson,fw,lw,cam
366374,K. Soni,md,cam,cam
92947,K. Stafylidis,df,rb,rcm
114,K. Strootman,md,ram,ram
1712,K. Tete,df,lb,lcm
25643,K. Théophile Catherine,df,cb,cdm
26638,K. Toko Ekambi,fw,rw,cam
15062,K. Trapp,gk,gk,cb
8945,K. Trippier,df,lb,lcm
14842,K. Vogt,df,cb,cdm
15231,K. Volland,fw,st,cam
8277,K. Walker,df,lb,lcm
402884,K. Walker-Peters,df,lb,lam
125575,K. Waston,df,rb,rcm
65254,K. Wimmer,df,rb,rb
493415,K. Zohi,fw,lw,lam
25854,K. Zouma,df,cb,cdm
62221,K. Árnason,df,cb,cdm
21894,Keko,md,lam,lam
254898,Kenedy,md,ram,ram
3874,Kike García,fw,st,cam
3785,Kiko Casilla,gk,gk,cb
3351,Kiko Femenía,df,lb,lcm
278316,Koke,gk,gk,cdm
3443,Koke,md,cm,cm
256084,Kwon Chang-Hoon,md,lam,lam
209012,Kévin Rodrigues,df,rb,rcm
114709,L. Advíncula,df,lb,lcm
86489,L. Alario,fw,st,cam
21872,L. Antei,df,lb,lb
21272,L. Antonelli,df,rb,rcm
51217,L. Augustinsson,df,rb,rcm
25625,L. Baal,df,rb,rcm
388267,L. Bailey,fw,rw,cam
8239,L. Baines,df,rb,rcm
16443,L. Balogun,df,lb,cdm
14781,L. Bender,md,lcm,lcm
37732,L. Biglia,md,cm,cm
15317,L. Bittencourt,md,ram,ram
340920,L. Blas,md,cam,cam
26046,L. Bonnefoi,gk,gk,cb
20459,L. Bonucci,df,cb,cdm
334817,L. Boyé,fw,rw,ram
77550,L. Britton,md,cm,cm
26869,L. Butelle,gk,gk,cb
282194,L. Bénes,md,cm,cm
3885,L. Cabrera,df,rb,rcm
20704,L. Caldirola,df,rb,rb
20555,L. Cana,df,cb,cdm
134429,L. Capezzi,md,cm,cm
26084,L. Carole,df,rb,rcm
86301,L. Castro,md,lcm,lcm
21639,L. Ceppitelli,df,cb,cdm
86319,L. Chichizola,gk,gk,cb
20850,L. Cigarini,md,cm,cm
38075,L. Ciman,df,lb,lcm
302518,L. Cook,md,cm,cm
366760,L. Coulibaly,md,lcm,lcm
20526,L. Crisetig,md,cm,cm
472938,L. Crosta,gk,gk,cb
20927,L. De Silvestri,df,lb,lcm
26314,L. Deaux,md,cm,cm
21678,L. Del Pinto,md,cm,cm
134702,L. Dendoncker,md,lcm,lb
38377,L. Depoitre,fw,lw,cam
3315,L. Diarra,md,cm,cm
25701,L. Digne,df,rb,rcm
285727,L. Dimata,fw,rw,cam
217878,L. Diony,fw,st,cam
242446,L. Dubois,df,lb,lcm
9097,L. Dunk,df,rb,rb
262,L. Fer,md,lcm,lcm
426704,L. Fournier,md,lam,lam
238832,L. Garritano,md,ram,ram
26022,L. Gassama,df,lb,lb
134387,L. Goretzka,md,lcm,lcm
470517,L. Goudiaby,md,lcm,lcm
8935,L. Grant,gk,gk,cb
279545,L. Hernández,df,rb,rcm
65124,L. Hinterseer,fw,lw,lam
14864,L. Holtby,md,cam,cam
55951,L. Hradecky,gk,gk,cb
271990,L. Höler,fw,lw,cam
21385,L. Insigne,fw,rw,rw
258264,L. Jović,fw,st,cam
69353,L. Kalinić,gk,gk,cdm
15175,L. Karius,gk,gk,cb
74943,L. Kleinheisler,md,cam,cam
258252,L. Klostermann,df,cb,lcm
272338,L. Klünter,df,lb,lam
7855,L. Koscielny,df,cb,cdm
82266,L. Krejčí,fw,rw,ram
134540,L. Kurzawa,df,rb,rcm
18670,L. Kübler,df,lb,lb
134951,L. Lacroix,df,cb,cdm
56441,L. Lerager,md,lcm,lcm
531655,L. Lumeka,fw,rw,ram
86785,L. López,df,cb,cdm
433100,L. Mai,df,lb,cdm
448215,L. Maina,md,lam,lam
292310,L. Mazzitelli,md,lcm,lcm
22323,L. Memushaj,md,cm,cm
3359,L. Messi,fw,st,cam
127537,L. Milivojević,md,cm,cm
8287,L. Modrić,md,lam,lam
22864,L. Mora,md,rcm,rcm
366546,L. Mothiba,fw,st,cam
245813,L. Mousset,fw,rw,cam
20764,L. Muriel,fw,rw,cam
179,L. Narsingh,md,lam,lam
353241,L. Nmecha,fw,st,st
86338,L. Ocampos,fw,rw,ram
131862,L. Ovalle,df,rb,rb
22933,L. Pavoletti,fw,lw,cam
328333,L. Pellegrini,md,lam,lam
25864,L. Perrin,df,cb,cdm
256706,L. Phiri,md,cm,cm
15291,L. Podolski,fw,rw,rw
26068,L. Puyo,md,cm,cm
20655,L. Rigoni,md,lcm,lcm
23386,L. Rizzo,md,ram,ram
9622,L. Rosenior,df,lb,lb
20776,L. Rossettini,df,cb,cdm
15942,L. Rupp,md,cm,cm
25577,L. Rémy,fw,rw,ram
25589,L. Sané,df,cb,cdm
245364,L. Sané,md,ram,ram
405,L. Schöne,md,lcm,lcm
22817,L. Sepe,gk,gk,cb
8135,L. Shaw,df,rb,rcm
360778,L. Sparandeo,df,rb,rb
190167,L. Spinazzola,md,ram,ram
15051,L. Stindl,fw,lw,cam
256854,L. Suárez,md,ram,ram
7972,L. Suárez,fw,rw,cam
83752,L. Sânmărtean,md,ram,ram
399564,L. Sørensen,md,cdm,cdm
114864,L. Tejada,fw,st,st
21006,L. Tonelli,df,cb,cdm
333571,L. Torreira,md,cm,cm
342743,L. Tousart,md,cdm,cdm
101795,L. Traoré,fw,st,cam
4255,L. Ulloa,fw,rw,cam
284960,L. Venuti,df,cb,cdm
262384,L. Vido,fw,rw,cam
86307,L. Vietto,fw,st,cam
258254,L. Waldschmidt,fw,rw,cam
352985,L. Zidane,gk,gk,cb
223560,L. Öztunali,md,lam,lam
350569,L. Šimić,df,cb,cdm
4358,Laguardia,df,lb,lb
472489,Lara,md,ram,ram
40538,Leandro Castán,df,rb,rb
8049,Lee Chung-Yong,md,cam,cam
403546,Lee Seung-Woo,fw,rw,ram
230862,Lekue,df,lb,lcm
4180,Lombán,df,cb,cdm
364820,Loren Morón,fw,st,cam
7965,Lucas Leiva,md,cm,cm
40301,Lucas Lima,df,rb,rcm
40765,Lucas Moura,fw,lw,cam
105541,Lucas Pérez,fw,st,cam
4498,Lucas Vázquez,fw,lw,lam
3484,Luis Alberto,md,ram,ram
5472,Luis Hernández,df,lb,lb
70451,Luisinho,df,rb,rcm
250134,Luiz Araújo,fw,rw,ram
376362,Luiz Felipe,df,cb,cdm
14722,Luiz Gustavo,md,rcm,rcm
3464,Luna,df,rb,rcm
377757,Lyanco,df,rb,rb
7623,Léo Baptistão,fw,lw,lam
7986,M. Abeid,md,cdm,cdm
89073,M. Acuña,md,ram,ram
20803,M. Aguirregaray,df,cb,rcm
297957,M. Akanji,df,cb,cdm
8013,M. Albrighton,md,cm,cm
25562,M. Amalfitano,md,cam,cam
20636,M. Andreolli,df,cb,cdm
21114,M. Antenucci,fw,st,cam
8677,M. Antonio,fw,lw,cam
405602,M. Antonucci,fw,st,cam
286448,M. Arambarri,md,cm,cm
14703,M. Arnautović,fw,st,cam
14938,M. Arnold,md,rcm,rcm
69400,M. Badelj,md,cm,cm
14802,M. Bakalorz,md,cm,cm
8326,M. Balotelli,fw,rw,cam
215869,M. Bani,df,cb,cdm
4348,M. Barbosa,gk,gk,cb
491409,M. Barrow,fw,st,cam
21104,M. Basha,md,cdm,cdm
38093,M. Batshuayi,fw,st,cam
49971,M. Bauer,df,lb,lcm
354041,M. Ben Amor,md,rcm,rb
22380,M. Benassi,md,lam,lam
20579,M. Benatia,df,cb,cdm
372316,M. Benger,md,lcm,lb
14908,M. Berg,fw,lw,cam
14886,M. Bešić,md,cdm,cdm
20512,M. Bianchetti,df,lb,lb
25423,M. Biševac,df,lb,lcm
25433,M. Bodmer,df,cb,cm
91156,M. Borja,fw,st,st
20476,M. Borriello,fw,rw,cam
101846,M. Boussoufa,md,cm,cm
55968,M. Braithwaite,fw,st,cam
21160,M. Britos,df,rb,rcm
69968,M. Brozović,md,cm,cm
22099,M. Büchel,md,rcm,rcm
288663,M. Caldara,df,cb,cdm
21370,M. Capuano,df,rb,rcm
101847,M. Carcela-González,md,ram,st
7928,M. Carrick,md,cm,cm
330387,M. Coco,md,cam,cam
24269,M. Coda,fw,st,cam
15800,M. Compper,df,cb,cdm
228946,M. Cornet,fw,lw,lam
8761,M. Cranie,df,cb,cdm
21725,M. Cremonesi,df,rb,rcm
404219,M. Cuisance,md,lam,lam
20460,M. Cáceres,df,cb,cdm
21322,M. D'Alessandro,fw,rw,ram
272363,M. Dahoud,md,ram,ram
21095,M. Darmian,df,cb,cdm
20395,M. De Sciglio,df,lb,lcm
25700,M. Debuchy,df,lb,lcm
11152,M. Dembélé,md,rcm,rcm
118,M. Depay,fw,rw,ram
25990,M. Deplagne,df,lb,lcm
20796,M. Destro,fw,rw,cam
419204,M. Diaby,fw,lw,lam
292654,M. Diakhaby,df,cb,cdm
25939,M. Diallo,md,cm,cm
8620,M. Diamé,md,cm,cm
15054,M. Diouf,fw,lw,lam
140046,M. Dmitrović,gk,gk,cb
86716,M. Dos Santos,df,cb,cdm
26512,M. Dossevi,md,lam,lam
272234,M. Dräger,md,lam,lam
25519,M. Dupé,gk,gk,cdm
104851,M. Dúbravka,gk,gk,cb
286823,M. Egbo,df,lb,lb
272440,M. Eggestein,md,lcm,lcm
264778,M. El Id,md,cdm,cdm
14821,M. Esser,gk,gk,cb
112253,M. Fabián,md,cam,cam
328336,M. Fares,fw,rw,rcm
8249,M. Fellaini,md,lcm,lcm
20406,M. Flamini,md,lcm,lcm
23427,M. Fossati,md,cdm,cdm
15131,M. Frantz,md,cm,cm
391441,M. Friedl,df,rb,rcm
20857,M. Gabbiadini,fw,st,cam
237267,M. Gajić,df,lb,lcm
15199,M. Gavranović,fw,st,cam
22152,M. Gazzola,df,lb,lcm
136011,M. Gaćinović,md,cam,cam
14991,M. Ginter,df,lb,lcm
20495,M. Gobbi,df,rb,rcm
25405,M. Gonalons,md,cm,cm
26971,M. Gorgelin,gk,gk,cb
221443,M. Gouaida,md,rcm,rcm
25860,M. Gradel,fw,rw,ram
65180,M. Gregoritsch,fw,rw,cam
237268,M. Grujić,md,rcm,rcm
19720,M. Gulde,df,cb,cdm
14731,M. Gómez,fw,st,cam
14806,M. Götze,md,cam,cam
18579,M. Halstenberg,df,rb,rcm
21171,M. Hamšík,md,ram,ram
14760,M. Harnik,fw,lw,cam
14929,M. Hasebe,md,cdm,cdm
149050,M. Hassen,gk,gk,cb
26109,M. Haïdara,df,rb,rb
15474,M. Hefele,df,cb,cb
15695,M. Heller,md,lam,lam
65075,M. Hinteregger,df,rb,rb
14914,M. Hitz,gk,gk,cb
355937,M. Holgate,df,lb,lcm
285538,M. Hosseini,df,rb,rb
14795,M. Hummels,df,rb,rcm
14863,M. Höger,md,cm,cm
206314,M. Icardi,fw,st,cam
3866,M. Iturra,md,lcm,lcm
21078,M. Izco,md,lcm,lcm
192748,M. James,md,cm,cm
70100,M. Janko,fw,st,cam
8410,M. Jedinak,md,lcm,lcm
127685,M. Jojić,md,cam,cam
55979,M. Jørgensen,df,lb,cdm
99410,M. Kamiński,df,rb,rcm
23124,M. Kanoute,fw,rw,ram
410031,M. Kean,fw,st,cam
7919,M. Keane,df,cb,cdm
7958,M. Kelly,df,lb,lb
146569,M. Kempf,df,rb,rb
97582,M. Konaté,fw,st,cam
74968,M. Korhut,df,rb,rb
105587,M. Koval,gk,gk,cb
69404,M. Kovačić,md,rcm,rcm
78488,M. Kozáčik,gk,gk,cb
56025,M. Krohn-Dehli,md,cm,cm
16025,M. Kruse,fw,rw,cam
4009,M. Lacen,md,rcm,rcm
49977,M. Lang,df,lb,lcm
41174,M. Lanzini,md,ram,ram
112366,M. Layún,df,lb,lcm
226200,M. Lazzari,md,lam,lam
26093,M. Le Bihan,fw,rw,ram
26135,M. Le Marchand,df,rb,rb
15020,M. Leckie,fw,lw,lam
15253,M. Lehmann,md,cdm,cdm
29640,M. Lemina,md,cm,cm
292991,M. Lemos,df,cb,cdm
37836,M. Lestienne,md,lam,lam
286226,M. Locatelli,md,cm,cm
280115,M. Lopez,md,lcm,lcm
8643,M. Lowton,df,lb,lcm
61949,M. Lustig,df,lb,lcm
449978,M. Léris,fw,rw,ram
134496,M. Maignan,gk,gk,cb
14943,M. Mandžukić,fw,rw,ram
5653,M. Mantovani,df,cb,cb
404226,M. Maolida,fw,rw,ram
15449,M. Mavraj,df,cb,cdm
62331,M. McGovern,gk,gk,cb
134369,M. Meyer,md,cm,cm
146459,M. Meza,md,cam,cam
26938,M. Michel,gk,gk,cb
61425,M. Milligan,md,rcm,rb
337890,M. Mittelstädt,df,rb,rcm
333803,M. Mohammadi,df,rb,rb
257752,M. Moreno,fw,st,st
361498,M. Murillo,df,lb,lcm
3526,M. Musacchio,df,lb,lcm
20932,M. Nastasić,df,rb,rb
376474,M. Ndockyt,md,ram,ram
14712,M. Neuer,gk,gk,cb
290119,M. Niakhaté,df,rb,rb
25898,M. Niang,fw,rw,ram
8561,M. Noble,md,cm,cm
447538,M. Obafemi,fw,st,st
93341,M. Oikonomou,df,lb,lb
116225,M. Olivera,df,rb,rcm
375771,M. Olivera,df,rb,rcm
8192,M. Olsson,df,rb,rcm
266885,M. Olunga,fw,st,cam
15772,M. Ostrzolek,df,rb,rcm
21350,M. Parolo,md,lcm,lcm
69525,M. Pavlović,df,cb,cdm
99438,M. Pazdan,df,rb,rb
21468,M. Perin,gk,gk,cb
19392,M. Philipp,fw,rw,ram
9414,M. Phillips,md,lam,lam
83824,M. Pintilii,md,cm,cm
135810,M. Pjaca,fw,st,cam
20443,M. Pjanić,md,cm,cm
15125,M. Plattenhardt,df,rb,rcm
343116,M. Poaty,df,rb,rcm
208696,M. Politano,fw,st,cam
26945,M. Poundjé,df,rb,rcm
79449,M. Pouraliganji,df,lb,cdm
24964,M. Pucciarelli,fw,st,cam
9293,M. Pugh,md,ram,ram
397178,M. Rashford,fw,rw,ram
239191,M. Rashica,fw,lw,cam
15024,M. Reus,fw,st,cam
337960,M. Richter,fw,lw,lam
21730,M. Rigione,df,lb,lcm
15194,M. Risse,md,lam,lam
9227,M. Ritchie,md,lam,lam
284315,M. Rog,md,lam,lam
51151,M. Rohdén,md,cm,cm
101652,M. Rojo,df,rb,rb
14923,M. Russ,df,cb,cdm
61390,M. Ryan,gk,gk,cb
99391,M. Rybus,df,rb,rcm
65596,M. Sabitzer,md,lam,lam
25430,M. Sakho,df,rb,rb
25930,M. Samassa,gk,gk,cb
21280,M. Sampirisi,df,lb,lcm
209086,M. Sanson,md,cam,cam
393228,M. Sarr,df,rb,rb
21865,M. Sau,fw,st,cam
14800,M. Schmelzer,df,rb,rcm
15050,M. Schmiedebach,md,cm,cm
8143,M. Schneiderlin,md,cm,cm
391439,M. Shabani,md,lam,lam
3509,M. Shojaei,md,lam,lam
20811,M. Silvestre,df,lb,lcm
21573,M. Silvestri,gk,gk,cdm
25804,M. Sissoko,md,lam,lam
23705,M. Sportiello,gk,gk,cb
221376,M. Steinmann,md,cdm,cdm
173213,M. Stendera,md,cm,cm
32539,M. Stoch,md,ram,ram
99511,M. Stępiński,fw,st,cam
64966,M. Suttner,df,rb,rb
471589,M. Sylla,fw,st,cam
28364,M. Tahrat,df,cb,cm
79320,M. Taremi,fw,lw,cm
281135,M. Targett,df,rb,rcm
15533,M. Terrazzino,fw,rw,ram
394006,M. Terrier,fw,rw,ram
301017,M. Thuram,fw,rw,ram
149091,M. Tisserand,df,cb,cdm
3289,M. Topal,md,cdm,cb
115146,M. Trauco,df,rb,rcm
11156,M. Trotta,fw,lw,cam
347026,M. Tumminello,fw,st,cam
286506,M. Udol,df,rb,rcm
101796,M. Ureña,fw,st,cam
15292,M. Uth,fw,lw,cam
21019,M. Valdifiori,md,cm,cm
20414,M. Valoti,md,rcm,rcm
116349,M. Vecino,md,lcm,lcm
11095,M. Veljkovic,df,cb,cdm
21383,M. Verratti,md,lcm,lcm
339192,M. Vitale,md,ram,ram
77536,M. Vorm,gk,gk,cb
375348,M. Wagué,df,lb,lcm
25885,M. Wagué,df,lb,lb
3538,M. Wakaso,md,rcm,rcm
15276,M. Weiser,md,lam,lam
224680,M. Wolf,md,lam,lam
25996,M. Yanga-Mbiwa,df,cb,cdm
703,M. Yoshida,df,cb,cdm
246633,M. Zaccagni,md,cm,cm
189821,M. Zeegelaar,df,rb,rcm
25399,M. Zeffane,df,cb,rcm
224709,M. Zetterer,gk,gk,rb
15015,M. Zimmermann,md,lcm,lcm
101620,M. da Costa,df,cb,cdm
625,M. de Roon,md,lcm,lcm
15008,M. ter Stegen,gk,gk,cb
284,M. van der Hoorn,df,lb,lb
3319,M. Özil,md,cam,cam
476054,M. Ćavar,md,lcm,lcm
82528,M. Ďuriš,fw,lw,lam
83082,M. Škoda,fw,st,cam
138408,M. Škriniar,df,cb,cdm
7960,M. Škrtel,df,lb,lb
119932,Mahmoud Kahraba,md,cam,cam
300485,Malcom,fw,lw,lam
7585,Manu García,md,cm,cm
32599,Manuel Fernandes,md,cam,cam
341751,Marc Navarro,df,lb,lcm
341752,Marc Roca,md,rcm,rcm
3310,Marcelo,df,rb,ram
102,Marcelo,df,lb,lcm
288091,Marco Asensio,md,cam,cam
8032,Marcos Alonso,df,rb,ram
279538,Marcos Llorente,md,lcm,lcm
5167,Mariano Díaz,fw,rw,cam
3529,Mario,df,lb,lcm
257006,Mario González,fw,st,st
279533,Mario Hermoso,df,rb,rb
3674,Markel Bergara,md,lcm,lcm
266286,Marlon,df,lb,lb
40539,Marquinhos,df,lb,lcm
489488,Martín,df,lb,lcm
120225,Marwan Mohsen,fw,st,cam
70981,Marçal,df,rb,rcm
254188,Matías Nahuel,md,lam,lam
41368,Maurício,df,rb,rb
395636,Maxi Gómez,fw,st,cam
20422,Maxi López,fw,st,cam
247222,Medrán,md,cm,cm
70711,Mexer,df,cb,cb
500200,Miguel,df,rb,rb
5327,Miguel Cifuentes,df,lb,lam
4003,Miguel Torres,df,rb,cdm
21288,Miguel Veloso,md,cm,cm
50800,Miiko Albornoz,df,rb,rcm
339789,Mikel Merino,md,cm,cm
355599,Mikel Oyarzabal,md,cam,cam
5290,Mikel Rico,md,rcm,rcm
95299,Min-Woo Kim,md,rcm,rcm
7857,Miquel,df,rb,cdm
119975,Mohamed Abdel-Shafi,df,rb,rb
120000,Mohamed El Shenawy,gk,gk,cb
120339,Mohamed Elneny,md,cm,cm
120353,Mohamed Salah,fw,lw,lw
122671,Mohammad Al Sahlawi,fw,rw,cam
292954,Mohammed Al Burayk,df,lb,lcm
248328,Mohammed Al Owais,gk,gk,cb
284147,Mohammed Kanno,md,lam,lam
3856,Molinero,df,cb,lcm
4362,Momo,md,ram,ram
3339,Montoya,df,lb,lcm
139391,Motaz Hawsawi,df,rb,rb
3994,Moyà,gk,gk,cb
488750,Mozo,md,rcm,rcm
122749,Muhannad Asiri,fw,rw,ram
516397,Mujaid Sadick,df,lb,lb
3425,Muniain,fw,rw,cam
3340,Muniesa,df,rb,rb
278278,Munir,fw,st,cam
6509,Munir,gk,gk,cb
41123,Mário Fernandes,df,lb,lcm
22107,Mário Rui,df,rb,rcm
4238,Míchel,df,lb,lcm
134102,N. Aké,df,rb,rcm
263614,N. Amiri,md,ram,ram
32968,N. Amrabat,fw,st,cam
286223,N. Barella,md,cm,cm
396628,N. Basin,df,rb,rcm
26956,N. Benezet,md,cam,cam
144766,N. Bentaleb,md,cm,cm
20429,N. Burdisso,df,cb,cdm
261,N. Chadli,md,cam,cam
7888,N. Chalobah,md,rcm,rcm
86350,N. Champagne,gk,gk,cb
8392,N. Clyne,df,lb,lam
477744,N. Cozza,df,rb,rcm
149074,N. Dirar,md,lcm,lcm
367620,N. Dorsch,md,cam,cam
37959,N. Dussenne,df,cb,cdm
77552,N. Dyer,md,lam,lam
3934,N. El Zhar,md,lam,lam
236528,N. Elvedi,df,cb,lcm
28115,N. Fekir,md,cam,cam
14705,N. Füllkrug,fw,st,cam
70121,N. Gaitán,md,ram,ram
229119,N. Gandi,md,rcm,rcm
21959,N. Giannetti,fw,lw,cam
104937,N. Gyömbér,df,rb,rb
342075,N. Haas,md,cm,cm
15430,N. Höfler,md,cm,cm
367146,N. Janvier,md,cam,cam
15080,N. Jørgensen,fw,st,cam
105376,N. Kalinić,fw,st,cam
31528,N. Kanté,md,cm,cm
289711,N. Keïta,md,cam,cam
265864,N. Maksimović,md,lcm,lcm
127524,N. Maksimović,df,lb,lcm
70122,N. Matić,md,rcm,rcm
9525,N. McGinn,md,lam,lam
134542,N. Mendy,md,cm,cm
424241,N. Milenković,df,lb,lcm
77,N. Moisander,df,rb,rcm
341973,N. Mukiele,df,lb,lcm
20869,N. Murru,df,rb,rcm
15192,N. Müller,md,lam,lw
25558,N. N'Koulou,df,lb,lb
471968,N. Nartey,df,cb,cam
74958,N. Nikolić,fw,rw,ram
299618,N. Nández,md,lam,lam
70086,N. Otamendi,df,cb,cdm
26276,N. Pallois,df,cb,cdm
101649,N. Pareja,df,lb,lb
14734,N. Petersen,fw,st,cam
415348,N. Pierini,fw,rw,ram
12242,N. Pope,gk,gk,cb
247671,N. Pépé,fw,lw,lam
140125,N. Radoja,md,cm,cm
237274,N. Radonjić,md,ram,ram
8116,N. Redmond,md,ram,ram
21148,N. Rigoni,md,cm,cm
25716,N. Roux,fw,rw,ram
22578,N. Sansone,fw,rw,cam
272436,N. Sarenren-Bazee,md,lam,lam
18982,N. Schulz,md,ram,ram
26100,N. Sliti,md,ram,ram
21072,N. Spolli,df,cb,cdm
83753,N. Stanciu,md,cam,cam
173212,N. Stark,df,lb,lcm
14801,N. Subotić,df,cb,cdm
134383,N. Süle,df,cb,cdm
86722,N. Tagliafico,df,rb,rcm
77544,N. Taylor,df,rb,rcm
20748,N. Tomović,df,cb,cdm
22695,N. Viola,md,cm,cm
284476,N. Vlašić,md,lam,lam
9179,N. Wells,fw,st,cam
402014,N. Zanellato,md,lam,lam
8315,N. de Jong,md,cdm,cdm
25923,N. de Préville,fw,rw,cam
3320,N. Şahin,md,cm,cm
3304,Nacho,df,cb,cdm
293862,Nacho Gil,fw,rw,ram
3560,Nacho Monreal,df,rb,rcm
302542,Nacho Vidal,df,lb,lcm
41124,Naldo,df,cb,cb
14689,Naldo,df,cb,cdm
7926,Nani,md,cam,cam
293857,Nano,fw,st,cam
285139,Nathan,md,cam,cam
20922,Neto,gk,gk,cb
40810,Neymar,fw,rw,ram
21298,Nicolas,gk,gk,cb
70125,Nolito,fw,rw,ram
215130,Nuno Da Costa,fw,lw,lam
222770,Nélson Semedo,df,lb,lcm
14979,O. Baumann,gk,gk,cb
145014,O. Bulut,md,lam,lam
346071,O. Burke,md,lam,lam
286390,O. Dembélé,fw,lw,lw
218896,O. Duda,md,cam,cam
78991,O. Ebrahimi,md,lcm,lcm
30320,O. El Hajjam,df,lb,lcm
424624,O. Etebo,fw,rw,cm
26010,O. Giroud,fw,st,cam
120717,O. Haddadi,df,rb,rcm
51145,O. Hiljemark,md,cam,cam
83953,O. Hoban,md,cam,cam
5295,O. Ighalo,fw,lw,lam
92864,O. Karnezis,gk,gk,cb
50272,O. Kayode,fw,rw,cam
16922,O. Kragl,md,lcm,lcm
105328,O. Kucher,df,rb,rcm
286404,O. Käuper,md,cm,cm
51398,O. Lewicki,md,lcm,lcm
349099,O. Mangala,md,lcm,lcm
288865,O. McBurnie,fw,lw,lam
91002,O. Murillo,df,rb,rb
28965,O. Nguette,fw,rw,ram
145692,O. Niasse,fw,st,cam
8773,O. Norwood,md,rcm,rcm
403272,O. Okwonkwo,fw,lw,cam
112710,O. Peralta,fw,st,cam
15285,O. Roshi,md,lam,lam
54380,O. Selnæs,md,cdm,cdm
101856,O. Shatov,md,cam,cam
14988,O. Sorg,df,lb,lcm
405880,O. Stijepović,fw,st,st
1751,O. Tannane,fw,lw,lam
123,O. Toivonen,fw,st,cam
223071,O. Tufan,md,lcm,lcm
342194,O. Verdon,df,lb,lb
112377,O. Vizcarrondo,df,cb,cdm
15014,O. Wendt,df,rb,rcm
223546,O. Wriedt,fw,rw,ram
241564,O. Zinchenko,md,ram,ram
7869,O. Özyakup,md,cm,cm
15076,O. Şahan,md,lam,lam
278289,Odriozola,df,lb,lam
3330,Oier,gk,gk,cb
122651,Omar Hawsawi,df,rb,rb
4509,Omar Mascarell,md,cm,cm
5195,Omar Ramos,md,cam,cam
247150,One,df,cb,cb
7899,Oriol Romeu,md,cm,cm
122839,Osama Hawsawi,df,lb,lb
295569,Otávio,md,cdm,cdm
139078,P. Aquino,md,cdm,cdm
25867,P. Aubameyang,fw,st,cam
8516,P. Bardsley,df,lb,lcm
14692,P. Bargfrede,md,cdm,cdm
26332,P. Baysse,df,cb,cdm
303357,P. Billing,md,rcm,rcm
69658,P. Brlek,md,cm,cm
328488,P. Burner,df,lb,lcm
21162,P. Cannavaro,df,cb,cdm
27646,P. Capelle,md,cm,cm
8747,P. Crouch,fw,st,cam
351010,P. Cutrone,fw,st,cam
86517,P. De Blasis,fw,rw,ram
3704,P. Diop,md,cam,cam
25524,P. Djilobodji,df,rb,rb
7978,P. Dummett,df,rb,rb
89186,P. Dybala,fw,lw,lam
448246,P. Dárdai,fw,rw,ram
7915,P. Evra,df,rb,rcm
220359,P. Faragò,md,lcm,lcm
447205,P. Foden,md,ram,ram
114798,P. Gallese,gk,gk,cb
8992,P. Gazzaniga,gk,gk,cb
264084,P. Gollini,gk,gk,cb
26134,P. Gouano,df,lb,lb
15526,P. Groß,md,cam,cam
14909,P. Guerrero,fw,rw,cam
9611,P. Gulácsi,gk,gk,cb
269060,P. Hernández,md,cm,cm
15018,P. Herrmann,md,lam,lam
20653,P. Hetemaj,md,rcm,rcm
144713,P. Hrošovský,md,lcm,lcm
114624,P. Hurtado,md,lcm,lcm
135114,P. Højbjerg,md,cm,cm
22135,P. Iemmello,fw,st,cam
391643,P. Jaeckel,df,lb,lb
8245,P. Jagielka,df,cb,cdm
50806,P. Jansson,df,cb,lcm
269188,P. Jaroszyński,df,rb,rcm
7918,P. Jones,df,cb,cdm
82487,P. Kadeřábek,df,lb,lcm
231138,P. Kimpembe,df,rb,rcm
25829,P. Lasne,md,rcm,rcm
277629,P. Lees Melou,md,cm,cm
255732,P. Lienhart,df,lb,lb
101596,P. Mamaev,md,cam,cam
29616,P. Martinez,df,rb,rb
221411,P. Max,df,rb,rcm
136704,P. McNair,df,cb,lam
7856,P. Mertesacker,df,cb,cdm
99453,P. Nakoulma,fw,rw,cam
25514,P. Ntep,md,ram,ram
297701,P. Ochs,fw,lw,lam
99437,P. Olkowski,df,lb,lcm
26539,P. Oniangué,md,lam,lam
32959,P. Pekarík,df,lb,lcm
481329,P. Pellegri,fw,st,cam
3293,P. Piatti,fw,rw,ram
7936,P. Pogba,md,cam,cam
344178,P. Retsos,df,cb,cdm
20911,P. Schiattarella,md,lcm,lcm
234359,P. Schick,fw,lw,lam
15256,P. Schwegler,md,cm,cm
241945,P. Sisto,md,ram,ram
14905,P. Skjelbred,md,cm,cm
25703,P. Souaré,df,rb,ram
272378,P. Stenzel,df,lb,lcm
16010,P. Tschauner,gk,gk,cb
99,P. Tytoń,gk,gk,cb
15775,P. Verhaegh,df,lb,lcm
8313,P. Zabaleta,df,lb,lcm
99902,P. Zieliński,md,ram,ram
454,P. van Aanholt,df,rb,rcm
7882,P. Čech,gk,gk,cb
41127,Pablo,df,cb,cdm
399676,Pablo Fornals,md,cam,cam
263105,Pablo Maffeo,df,lb,lam
4015,Pablo Sarabia,md,cam,cam
6950,Pablo Ínsua,df,lb,lb
3291,Paco Alcácer,fw,lw,cam
339812,Pape Diop,md,rcm,rb
4792,Patric,df,cb,lcm
247206,Pau López,gk,gk,cb
400549,Pau Torres,df,rb,rcm
40550,Paulinho,md,cam,cam
70507,Paulo Oliveira,df,lb,lcm
3360,Pedro,fw,rw,cam
4232,Pedro Alcalá,df,lb,cdm
4014,Pedro León,md,lam,lam
6577,Pedro López,gk,gk,cb
3920,Pedro López,df,lb,lcm
3308,Pedro Mendes,df,cb,cdm
4511,Pedro Mosquera,md,rcm,rcm
20620,Pedro Obiang,md,cm,cm
345740,Pedro Pereira,df,lb,lcm
135901,Pedro Rebocho,df,rb,rcm
3305,Pepe,df,lb,lcm
7949,Pepe Reina,gk,gk,cb
230895,Pere Pons,md,lcm,lcm
3802,Philippe Coutinho,fw,rw,ram
3341,Piqué,df,lb,lcm
354123,Pol Lirola,df,lb,lcm
3572,Portillo,md,lam,lam
3287,Portu,md,lam,lam
28055,Q. Beunardeau,gk,gk,cb
374118,Q. Boisgard,md,cam,cam
243931,Q. Cornette,fw,lw,lam
337225,R. Aarons,md,cam,cam
14766,R. Adler,gk,gk,cb
28335,R. Aguilar,df,lb,lcm
16126,R. Almer,gk,gk,cb
26311,R. Amalfitano,md,cm,cm
361536,R. Avila,md,rcm,rcm
32706,R. Azofeifa,md,rcm,rcm
268180,R. Bajić,fw,lw,lam
391425,R. Baku,md,rcm,rcm
8246,R. Barkley,md,lam,lam
223516,R. Bauer,df,lb,lb
1729,R. Bazoer,md,cm,cm
120900,R. Bedoui,df,lb,lcm
334720,R. Bensebaini,df,rb,rcm
361807,R. Bentancur,md,cm,cm
85438,R. Berič,fw,lw,cam
7885,R. Bertrand,df,rb,ram
49907,R. Bobadilla,fw,st,cam
25461,R. Boudebouz,md,lam,lam
9623,R. Brady,md,ram,ram
49968,R. Bürki,gk,gk,cb
25999,R. Cabella,md,cam,cam
25474,R. Camara,md,cam,cam
213387,R. Centurión,md,cam,cam
272829,R. Cheshmi,df,cb,cdm
220341,R. Chibsah,md,lcm,lcm
26508,R. Cohade,md,lcm,lcm
326946,R. Coly,df,rb,rcm
25637,R. Danzé,df,lb,lcm
56009,R. Durmisi,df,rb,rcm
7974,R. Elliot,gk,gk,cb
3450,R. Falcao,fw,st,cam
224965,R. Framberger,df,lb,lcm
62224,R. Fraser,md,cam,cam
49991,R. Freuler,md,rcm,rcm
14847,R. Fährmann,gk,gk,cb
241676,R. Gagliardini,md,cm,cm
26528,R. Genevois,df,lb,lb
28117,R. Ghezzal,md,lam,lam
99749,R. Gikiewicz,gk,gk,cb
295176,R. Gosens,df,rb,rcm
282445,R. Guerra,md,lcm,lcm
26583,R. Gurtner,gk,gk,cb
75209,R. Guzmics,df,cb,cb
56146,R. Gíslason,fw,lw,lam
373350,R. Hack,md,lam,lam
25889,R. Hamouma,fw,lw,cam
447254,R. Harper,md,ram,ram
370224,R. Holding,df,cb,cdm
15094,R. Hubník,df,rb,rb
21438,R. Inglese,fw,st,cam
54579,R. Jarstein,gk,gk,cb
112392,R. Jiménez,fw,rw,ram
37724,R. Juhász,df,lb,lb
289122,R. Karsdorp,df,lb,lcm
8025,R. Keane,fw,rw,rw
343729,R. Kent,md,cam,cam
8764,R. Keogh,df,cb,cdm
16826,R. Khedira,md,cdm,cdm
74,R. Klavan,df,rb,rb
14917,R. Knoche,df,cb,cdm
336829,R. Koch,df,cb,cdm
413597,R. Kouamé,df,rb,rcm
20685,R. Krhin,md,cdm,cdm
16151,R. Kruse,fw,rw,ram
225324,R. Kurzawa,md,cm,cm
14817,R. Lewandowski,fw,st,cam
235555,R. Loftus-Cheek,md,cam,cam
7905,R. Lukaku,fw,st,cam
139295,R. M'Bolhi,gk,gk,cdm
26150,R. Mahrez,md,lam,lam
15142,R. Mak,fw,lw,lam
302799,R. Mandragora,md,rcm,rcm
267134,R. Martínez,fw,st,cam
786,R. Mazáň,df,rb,ram
21119,R. Meggiorini,fw,st,cam
20943,R. Montolivo,md,cm,cm
59003,R. Márquez,df,cb,cm
20879,R. Nainggolan,md,cam,cam
397098,R. Nelson,md,lam,lam
15022,R. Neustädter,df,cb,cdm
65064,R. Okotie,fw,lw,lam
50798,R. Olsen,gk,gk,cb
373768,R. Orsolini,fw,lw,lam
340476,R. Oxford,df,lb,lcm
21296,R. Palacio,fw,rw,cam
20506,R. Palladino,fw,rw,ram
20593,R. Pereyra,md,cam,cam
301016,R. Perraud,df,lb,lw
396616,R. Pierre-Gabriel,df,cb,cdm
51013,R. Quaison,md,cam,cam
105330,R. Raț,df,rb,rb
79098,R. Rezaeian,df,lb,lb
25715,R. Rodelin,fw,st,cam
14922,R. Rodríguez,df,rb,rcm
254,R. Rosales,df,lb,lcm
105371,R. Rotan,md,cm,cm
89571,R. Ruidíaz,fw,lw,lam
21025,R. Saponara,md,cam,cam
26226,R. Saïss,md,rcm,rb
8731,R. Shawcross,df,cb,cdm
101568,R. Shirokov,md,cam,cam
55983,R. Sigurðsson,df,cb,cb
20623,R. Soriano,md,cam,cam
342088,R. Souici,df,lb,lcm
217052,R. Steffen,md,cm,cm
11066,R. Sterling,fw,st,cam
139075,R. Tapia,md,cdm,cdm
29474,R. Thomas,df,rb,rb
91263,R. Torres,df,lb,lb
3309,R. Varane,df,lb,lcm
25384,R. Vercoutre,gk,gk,cb
59126,R. Wallace,md,ram,rw
149053,R. Walter,md,cm,cm
14794,R. Weidenfeller,gk,gk,cb
361214,R. Zekhnini,fw,rw,ram
222798,R. Zentner,gk,gk,cb
15032,R. Zieler,gk,gk,cb
103682,R. Zobnin,md,cm,cm
105380,R. Zozulya,fw,st,cam
65207,R. Zulj,md,cam,cam
213948,R. de Paul,md,cam,cam
365441,R. van Drongelen,df,rb,rb
173,R. van La Parra,md,ram,ram
20523,R. Álvarez,md,cam,cam
16411,R. Özcan,gk,gk,cb
247212,Rafa Navarro,df,lb,lcm
222676,Rafa Silva,md,ram,rw
7920,Rafael,df,lb,lcm
21299,Rafael,gk,gk,cb
41034,Rafael Tolói,df,lb,lcm
15107,Raffael,fw,st,cam
14718,Rafinha,df,cb,cm
3344,Rafinha,md,cam,cam
332605,Ramadan Sobhi,md,ram,ram
3407,Ramalho,df,lb,lb
86325,Ramiro Funes Mori,df,rb,rb
3642,Ramis,df,cb,cdm
28907,Raphaël Guerreiro,df,rb,rcm
3398,Raúl Fernández,gk,gk,cb
3503,Raúl García,md,cam,cam
6513,Raúl García,df,rb,rb
4350,Raúl Lizoáin,gk,gk,cb
3828,Raúl Navas,df,cb,cdm
3568,Recio,md,cm,cm
14785,Renato Augusto,md,ram,ram
258162,Renato Sanches,md,cam,cam
3307,Ricardo Carvalho,df,rb,rcm
70381,Ricardo Pereira,df,lb,lam
32597,Ricardo Quaresma,fw,lw,lam
377071,Richarlison,fw,rw,ram
410055,Rober,df,cb,cdm
3719,Roberto,gk,gk,cb
15808,Roberto Firmino,fw,st,cam
364860,Rodri,md,cdm,cdm
70129,Rodrigo,fw,st,cam
208694,Rodrigo Ely,df,cb,cdm
3937,Roger,fw,st,cam
403449,Rogério,df,rb,rcm
70088,Rolando,df,rb,rb
135913,Rony Lopes,md,cam,cam
4365,Roque Mesa,md,cm,cm
3554,Rubén,gk,gk,cb
3822,Rubén Blanco,gk,gk,cb
3604,Rubén Castro,fw,rw,cam
225022,Rubén Duarte,df,rb,rcm
3677,Rubén Pardo,md,rcm,rcm
225948,Rubén Peña,md,lcm,lcm
4013,Rubén Pérez,md,cdm,cdm
8213,Rubén Rochina,md,lam,lam
134249,Rubén Sobrino,fw,lw,cam
70134,Rui Patrício,gk,gk,cb
20949,Ryder Matos,fw,rw,cam
20935,Rômulo,md,lcm,lcm
70956,Rúben Semedo,df,cb,cdm
211853,Rúben Vezo,df,cb,cdm
8325,S. Agüero,fw,st,cam
391603,S. Ambrosius,df,lb,lb
285590,S. Amrabat,md,lam,lam
86200,S. Araújo,fw,st,st
11294,S. Arfield,md,ram,ram
70136,S. Arias,df,lb,lcm
658,S. Armenteros,fw,st,cam
413737,S. Ascacíbar,md,cm,cm
493725,S. Asta,df,lb,lcm
25785,S. Aurier,df,lb,lcm
79006,S. Azmoun,fw,rw,cam
25673,S. Bahoken,fw,st,cam
8566,S. Baldock,fw,rw,ram
26378,S. Baradji,md,rcm,rcm
278813,S. Bastien,md,lcm,lcm
15178,S. Bell,df,cb,cdm
10014,S. Ben Youssef,df,cb,cb
14803,S. Bender,df,rb,rcm
9532,S. Berahino,fw,st,cam
215983,S. Boufal,md,ram,ram
224206,S. Byram,df,lb,lcm
20403,S. Calvano,md,cm,cm
26008,S. Camara,fw,st,cam
8688,S. Church,fw,rw,ram
64067,S. Cikalleshi,fw,rw,cam
54313,S. Ciss,df,rb,rcm
10252,S. Clucas,md,rcm,rcm
7954,S. Coates,df,lb,lb
8240,S. Coleman,df,lb,lcm
9277,S. Cook,df,cb,cdm
25452,S. Corchia,df,lb,lcm
233855,S. Coulibaly,df,cb,cam
116170,S. Cristóforo,md,cm,cm
354997,S. Córdova,fw,st,cam
80019,S. Dallas,md,ram,ram
8186,S. Dann,df,cb,cdm
93044,S. Darbion,md,ram,ram
61988,S. Davis,md,cm,cm
20707,S. De Maio,df,cb,cdm
70092,S. Defour,md,cm,cm
8242,S. Duffy,df,cb,cdm
354552,S. Edera,fw,lw,lam
20418,S. El Shaarawy,fw,rw,ram
241647,S. Ezatolahi,md,cdm,cdm
26021,S. Falette,df,rb,rb
7979,S. Ferguson,md,rcm,rcm
434159,S. Field,md,rcm,rcm
84367,S. Filip,df,rb,rcm
20503,S. Floccari,fw,rw,cam
134508,S. Fofana,md,cm,cm
9279,S. Francis,df,lb,lcm
38095,S. Gakpé,fw,lw,lam
50072,S. Gashi,md,lam,lam
26336,S. Gentiletti,df,rb,rcm
53562,S. Ghoddos,fw,rw,ram
134397,S. Gnabry,md,cam,cam
295761,S. Grandsir,fw,lw,cam
263490,S. Guirassy,fw,rw,cam
252473,S. Gustafson,md,cm,cm
25512,S. Haller,fw,st,cam
20571,S. Handanovič,gk,gk,cb
101583,S. Ignashevich,df,cb,cdm
65027,S. Ilsanker,md,lcm,lcm
57347,S. Ingason,df,cb,cb
347593,S. Ingelsson,md,cam,cam
8017,S. Ireland,md,cm,cm
278867,S. Janko,df,lb,lcm
20948,S. Jovetić,fw,st,cam
15244,S. Jung,df,lb,lb
14816,S. Kagawa,md,cam,cam
297258,S. Kaikai,md,ram,rw
7904,S. Kalou,fw,rw,ram
26668,S. Khalifa,fw,rw,ram
275243,S. Khaoui,md,cam,cam
3318,S. Khedira,md,lcm,lcm
14788,S. Kießling,fw,st,st
20433,S. Kjær,df,cb,cdm
274345,S. Koita,fw,rw,cam
14869,S. Kolašinac,df,rb,ram
15771,S. Langkamp,df,cb,cdm
8529,S. Larsson,md,lcm,lcm
20465,S. Lichtsteiner,df,lb,lcm
368340,S. Lo Faso,fw,lw,lam
167641,S. Lobotka,md,cm,cm
8384,S. Long,fw,st,cam
237269,S. Lukić,md,cdm,cdm
20561,S. Lulić,md,rcm,rcm
15225,S. Maier,md,rcm,rcm
9280,S. Malone,df,rb,rcm
25552,S. Mandanda,gk,gk,cb
25747,S. Mané,fw,rw,ram
247248,S. March,md,rcm,rcm
297733,S. McQueen,md,rcm,rcm
397174,S. McTominay,md,lcm,lcm
14932,S. Medojević,md,lcm,lcm
90880,S. Mendoza,fw,rw,cam
25504,S. Meïté,md,rcm,rcm
402898,S. Miangue,df,rb,rcm
8514,S. Mignolet,gk,gk,cb
265865,S. Milinković-Savić,md,ram,ram
22163,S. Missiroli,md,lcm,lcm
259524,S. Moore,df,lb,lcm
11270,S. Morsy,md,rcm,rcm
214654,S. Mounié,fw,st,cam
299154,S. Moutoussamy,md,cm,cm
20410,S. Muntari,md,rcm,rcm
20612,S. Mustafi,df,cb,cdm
8200,S. N'Zonzi,md,cm,cm
28073,S. Ngom,fw,lw,cam
397030,S. Nsoki,df,rb,rb
20505,S. Okaka,fw,st,cam
14763,S. Okazaki,fw,st,cam
349102,S. Omeonga,md,lcm,lcm
20472,S. Padoin,md,rcm,rcm
364640,S. Palombi,fw,lw,lam
14687,S. Papastathopoulos,df,lb,lcm
18728,S. Parker,fw,rw,ram
38015,S. Peeters,md,rcm,rcm
20662,S. Pellissier,fw,st,cam
234533,S. Perica,fw,st,cam
15282,S. Peszko,md,ram,ram
364641,S. Pontisso,md,rcm,rcm
282799,S. Posch,df,cb,cdm
25470,S. Prcić,md,cm,cm
25479,S. Privat,fw,rw,rw
14688,S. Prödl,df,cb,cdm
8658,S. Quinn,md,lam,lw
21373,S. Romagnoli,df,cb,cdm
20606,S. Romero,gk,gk,gk
3577,S. Rondón,fw,st,cam
15811,S. Rudy,md,cm,cm
25845,S. Ruffier,gk,gk,cb
15812,S. Salihović,md,cam,cam
564512,S. Sanogo,fw,st,cam
26115,S. Sané,df,cb,cdm
8311,S. Savić,df,lb,cdm
15821,S. Schipplock,fw,st,cam
239288,S. Scuffet,gk,gk,cb
246063,S. Sensi,md,cm,cm
302600,S. Serdar,md,cam,cam
8533,S. Sessègnon,md,cam,cam
137048,S. Simič,df,lb,cdm
25421,S. Sirigu,gk,gk,cb
20633,S. Sorrentino,gk,gk,cb
26373,S. Souprayen,df,rb,rb
21290,S. Sturaro,md,lcm,lcm
344927,S. Sy,gk,gk,cb
105503,S. Sydorchuk,md,lcm,lcm
134911,S. Tarashaj,fw,rw,ram
20690,S. Taïder,md,cm,cm
16094,S. Terodde,fw,st,cam
14736,S. Ulreich,gk,gk,cb
350992,S. Umar,fw,st,cam
25397,S. Umtiti,df,rb,rcm
21123,S. Verdi,fw,lw,cam
9127,S. Vokes,fw,st,cam
170738,S. Väisänen,df,cb,cdm
15085,S. Wagner,fw,rw,cam
8433,S. Ward,df,rb,rcm
50069,S. Widmer,df,lb,lcm
25791,S. Yago,df,lb,lcm
22202,S. Zaza,fw,lw,cam
15543,S. Zoller,fw,rw,cam
49997,S. Zuber,md,rcm,rcm
130,S. de Vrij,df,cb,cdm
356903,S. Özcan,md,cm,cm
32656,S. İnan,md,cdm,cdm
32803,S. Šesták,fw,st,st
167119,Sabin Merino,fw,rw,cam
3408,Saborit,df,rb,rcm
122832,Salem Al Dawsari,md,ram,ram
122847,Salman Al Faraj,md,rcm,rcm
248950,Samir,df,rb,rb
134174,Samu Castillejo,md,lam,lam
275293,Samu García,md,cam,cam
3409,San José,md,cm,cm
5911,Sandro,fw,rw,cam
8291,Sandro,md,cdm,cdm
250885,Santi Mina,fw,rw,cam
4488,Saúl,md,rcm,rcm
209567,Se-Jong Ju,md,cdm,cdm
51625,Seon-Min Moon,md,cam,cam
6363,Serantes,gk,gk,cb
3803,Sergi Darder,md,cm,cm
4048,Sergi Enrich,fw,st,cam
3338,Sergi Gómez,df,cb,cdm
3347,Sergi Roberto,df,lb,lam
5907,Sergi Samper,md,lcm,lcm
485794,Sergio Arribas,md,rcm,rcm
3428,Sergio Asenjo,gk,gk,cb
3346,Sergio Busquets,md,cm,cm
14852,Sergio Escudero,df,rb,rcm
3816,Sergio García,fw,st,cam
472696,Sergio Gómez,md,lam,lam
5268,Sergio León,fw,st,cam
4593,Sergio Mora,md,cm,cm
3496,Sergio Postigo,df,cb,cdm
3306,Sergio Ramos,df,rb,rcm
3458,Sergio Rico,gk,gk,cb
3562,Sergio Sánchez,df,lb,lcm
3821,Sergio Álvarez,gk,gk,cb
107548,Shin-Wook Kim,fw,rw,cam
32577,Sidnei,df,rb,cdm
72397,Simy,fw,st,cam
43196,Somália,md,lam,lam
14911,Son Heung-Min,fw,rw,cam
270306,Steven Fortès,df,rb,rcm
382,Suk Hyun-Jun,fw,st,cam
61962,Sung-Yeung Ki,md,cm,cm
3420,Susaeta,md,cam,cam
11063,Suso,fw,lw,lam
343951,T. Abraham,fw,lw,cam
36,T. Alderweireld,df,lb,lcm
346101,T. Alexander-Arnold,df,lb,lcm
254649,T. Asano,fw,lw,lam
28291,T. Bakayoko,md,rcm,rcm
235597,T. Baumgartl,df,cb,cdm
8247,T. Cahill,fw,st,st
399514,T. Campbell,fw,lw,cam
499295,T. Carrique,df,lb,lam
8976,T. Carroll,md,rcm,rcm
263803,T. Castagne,df,lb,lcm
15139,T. Chandler,df,cb,cm
99661,T. Cionek,df,lb,lb
7929,T. Cleverley,md,cm,cm
3429,T. Courtois,gk,gk,cb
353236,T. Davies,md,cam,cam
8903,T. Deeney,fw,rw,cam
55990,T. Delaney,md,rcm,rcm
229110,T. Didillon,gk,gk,cb
149062,T. Dingomé,md,rcm,rcm
332821,T. Ebuehi,df,rb,ram
447812,T. Edwards,df,lb,lb
397168,T. Fosu-Mensah,df,lb,lcm
82340,T. Gebre Selassie,df,lb,lcm
25941,T. Giresse,md,lam,lam
356928,T. Handwerker,df,rb,rcm
25622,T. Hazard,fw,rw,cam
77502,T. Heaton,gk,gk,cb
3657,T. Hemed,fw,rw,cam
344132,T. Hernández,df,rb,rcm
25878,T. Heurtaux,df,cb,cb
15265,T. Horn,gk,gk,cb
101555,T. Hubočan,df,rb,rb
272435,T. Hübers,df,lb,lcm
9419,T. Ince,md,cam,cam
14836,T. Inui,md,ram,ram
391606,T. Ito,md,cam,cam
15019,T. Jantschke,df,lb,lcm
212604,T. Jedvaj,df,cb,lcm
99462,T. Jodłowiec,md,rcm,rcm
69978,T. Jurić,fw,lw,cam
235606,T. Kehrer,df,cb,cdm
228765,T. Kleindienst,fw,st,cam
337656,T. Knöll,fw,lw,lam
132,T. Kongolo,df,rb,rcm
82690,T. Koubek,gk,gk,cb
15090,T. Kraft,gk,gk,cb
14723,T. Kroos,md,ram,ram
7980,T. Kádár,df,rb,rcm
28922,T. Lemar,md,ram,ram
221047,T. Letschert,df,lb,lb
94630,T. Makino,df,rb,rb
26120,T. Mangani,md,rcm,rcm
37824,T. Meunier,df,lb,lam
239411,T. Mings,df,rb,rb
25492,T. Monconduit,md,cm,cm
25439,T. Motta,md,cm,cm
14732,T. Müller,fw,lw,lam
294695,T. Ndombèlé,md,cm,cm
101607,T. Necid,fw,st,cam
27958,T. Pellenard,df,rb,rcm
102382,T. Priskin,fw,st,cam
14903,T. Rincón,md,cm,cm
61407,T. Rogić,md,cam,cam
7871,T. Rosický,md,cm,cm
61395,T. Sainsbury,df,lb,lcm
15061,T. Sippel,gk,gk,cb
32582,T. Sivok,df,lb,cdm
11078,T. Smith,df,lb,lcm
15797,T. Starke,gk,gk,cb
399576,T. Stavitski,md,lam,lam
105341,T. Stepanenko,md,rcm,rcm
166534,T. Strakosha,gk,gk,cb
15813,T. Strobl,md,cm,cm
97555,T. Tawatha,df,rb,rcm
27959,T. Touré,fw,rw,cam
14730,T. Usami,fw,rw,ram
7860,T. Vermaelen,df,rb,rb
7879,T. Walcott,fw,lw,lam
471774,T. Weah,fw,st,cam
173214,T. Werner,fw,st,cam
49981,T. Xhaka,md,cam,cam
122577,Taisir Al Jassim,md,lcm,lcm
4969,Tana,md,cam,cam
437417,Tarek Hamed,md,rcm,rcm
3345,Thiago Alcântara,md,cam,cam
257750,Thiago Maia,md,rcm,rcm
41056,Thiago Mendes,md,cam,cam
20394,Thiago Silva,df,cb,cdm
217031,Thomas,md,lcm,lcm
3510,Timor,md,rcm,rcm
4326,Tito,df,lb,lcm
3650,Tomás Pina,md,cm,cm
326535,Toni Lato,df,rb,rcm
367391,Toni Moya,md,lcm,lb
3663,Toño,gk,gk,cb
5383,Toño,df,rb,rcm
3542,Trigueros,md,rcm,rcm
220112,Trézéguet,md,ram,ram
329202,U. Garcia,df,rb,rcm
15301,U. Hünemeier,df,cb,cdm
344068,Unai Núñez,df,lb,lcm
237836,V. Amiri,md,rcm,rcm
32923,V. Babacan,gk,gk,cb
20938,V. Behrami,md,cdm,cdm
22552,V. Belec,gk,gk,cb
101581,V. Berezutski,df,cb,cdm
25532,V. Bessat,md,rcm,rcm
21291,V. Birsa,md,cam,cam
83575,V. Chiricheș,df,cb,cdm
51144,V. Claesson,md,lcm,lcm
82518,V. Darida,md,cm,cm
149076,V. Eysseric,md,cam,cam
1722,V. Fischer,fw,rw,ram
134494,V. Germain,fw,lw,cam
101682,V. Granat,df,cb,rcm
221452,V. Grifo,md,ram,ram
14762,V. Ibišević,fw,st,cam
444439,V. Janjičić,md,cm,cm
269676,V. Janssen,fw,rw,rb
258263,V. Jovanović,df,cb,cdm
8307,V. Kompany,df,cb,cdm
241566,V. Kovalenko,md,cam,cam
279734,V. Koziello,md,cm,cm
22313,V. Laurini,df,lb,lcm
208652,V. Lazaro,md,cam,cam
71703,V. Lindelöf,df,cb,cdm
26265,V. Manceau,df,lb,lcm
421809,V. Marcel,md,ram,ram
283062,V. Milinković-Savić,gk,gk,cb
8625,V. Moses,md,lam,lam
25467,V. Nogueira,md,cdm,cdm
403273,V. Osimhen,fw,lw,cam
25650,V. Pajot,md,cm,cm
239295,V. Parigini,fw,rw,ram
104867,V. Pečovský,md,cdm,cdm
21004,V. Regini,df,rb,rcm
260002,V. Rongier,md,cam,cam
393214,V. Rosier,df,cb,lcm
49921,V. Rüfli,df,rb,ram
366563,V. Selimovic,df,lb,lb
105331,V. Shevchuk,df,rb,ram
373636,V. Sierro,md,cam,cam
49873,V. Stocker,md,cam,cam
127671,V. Stojković,gk,gk,cb
406156,V. Thill,md,cam,cam
92908,V. Torosidis,df,lb,lcm
276920,V. Vada,md,lcm,lcm
20446,V. Verre,md,cam,cam
61967,V. Wanyama,md,cm,cm
3813,V. Weiss,fw,rw,ram
370,V. van Dijk,df,cb,cdm
14771,V. Ćorluka,df,lb,lb
32566,V. Şen,md,ram,ram
351851,Vagner,md,cam,cam
286963,Vesga,md,cm,cm
4363,Vicente Gómez,md,cm,cm
3928,Vicente Iborra,md,cm,cm
14940,Vieirinha,md,lam,lam
4375,Vitolo,md,ram,ram
44510,Vitor Hugo,df,cb,cdm
247219,Víctor Camarasa,md,cam,cam
404285,Víctor López,df,lb,lam
3277,Víctor Ruíz,df,rb,rb
3797,Víctor Sánchez,md,lcm,lcm
272434,W. Anton,df,cb,cdm
246928,W. Barrios,md,cdm,cdm
25795,W. Ben Yedder,fw,st,cam
86745,W. Benítez,gk,gk,cb
471,W. Bony,fw,lw,cam
3551,W. Caballero,gk,gk,cb
139080,W. Cartagena,md,cdm,cdm
228983,W. Cyprien,md,cdm,cdm
497355,W. Geubbels,fw,lw,lam
8425,W. Hennessey,gk,gk,cb
268776,W. Hoedt,df,rb,rcm
8346,W. Hoolahan,md,cam,cam
8981,W. Hughes,md,lam,lam
347205,W. Kanga,fw,st,cam
25776,W. Khazri,md,cam,cam
14744,W. Kvist,md,lcm,lcm
26024,W. Lautoa,df,cb,cdm
471348,W. McKennie,md,cm,cm
253551,W. Montoya,md,lam,lam
8488,W. Morgan,df,cb,cdm
265366,W. Ndidi,md,lcm,lcm
15069,W. Orban,df,cb,cdm
8553,W. Reid,df,cb,cdm
7944,W. Rooney,fw,rw,cam
77557,W. Routledge,md,cam,cam
149054,W. Saïd,fw,lw,cam
20531,W. Sneijder,md,ram,ram
7849,W. Szczęsny,gk,gk,cb
11093,W. Troost-Ekong,df,cb,cdm
8422,W. Zaha,md,ram,ram
327009,Walace,md,rcm,rcm
260250,Wallace,df,cb,cdm
40657,Wendell,df,rb,rcm
343685,William,df,rb,rcm
37762,William Carvalho,md,cm,cm
105333,Willian,md,lam,lam
40770,Willian José,fw,rw,ram
95490,Woo-Young Jung,md,cdm,cdm
49872,X. Shaqiri,md,lam,lam
3678,Xabi Prieto,md,lam,lam
273819,Xeka,md,cm,cm
390613,Xesc Regis,fw,lw,lcm
4272,Ximo Navarro,df,cb,cdm
472194,Y. Adli,md,rcm,rcm
25846,Y. Andreu,df,rb,rcm
493412,Y. Armougom,df,rb,ram
289359,Y. Aït Bennasser,md,cm,cm
229697,Y. Bammou,fw,rw,cam
25998,Y. Belhanda,md,lcm,lcm
21333,Y. Benalouane,df,lb,lcm
28122,Y. Benzia,fw,rw,cam
520617,Y. Bisseck,df,lb,lb
413582,Y. Bissouma,md,lcm,lcm
229140,Y. Bodiger,md,cam,cam
9194,Y. Bolasie,md,ram,ram
120631,Y. Bounou,gk,gk,cb
241077,Y. Bárcenas,md,lam,lam
7988,Y. Cabaye,md,cm,cm
25764,Y. Cahuzac,md,cdm,cdm
214609,Y. Cardinale,gk,gk,cb
134769,Y. Carrasco,fw,rw,ram
37714,Y. El Ghanassy,md,cam,cam
447821,Y. En-Nesyri,fw,rw,cam
102157,Y. Gazinskiy,md,cm,cm
228639,Y. Gerhardt,df,rb,rcm
25406,Y. Gourcuff,md,cam,cam
26033,Y. Jouffre,md,lam,lam
8272,Y. Kaboul,df,cb,cdm
352993,Y. Karamoh,fw,lw,lam
105378,Y. Konoplyanka,md,ram,ram
25649,Y. M'Vila,md,rcm,rcm
15191,Y. Mallı,md,ram,ram
331763,Y. Meriah,df,rb,rb
256634,Y. Mina,df,cb,cdm
94764,Y. Muto,fw,rw,cam
49883,Y. Mvogo,gk,gk,cb
25741,Y. N'Gbakoto,fw,st,cam
20517,Y. Nagatomo,df,rb,rcm
25781,Y. Pelé,gk,gk,cb
56274,Y. Poulsen,fw,lw,cam
105329,Y. Rakitskiy,df,rb,rb
25871,Y. Ravet,md,lam,lam
28529,Y. Sabaly,df,lb,lcm
26604,Y. Salibur,md,lam,lam
339964,Y. Salmier,df,cb,cb
26389,Y. Sankharé,md,rcm,rcm
25517,Y. Sanogo,fw,st,cam
105344,Y. Seleznyov,fw,lw,cam
49855,Y. Sommer,gk,gk,cb
125268,Y. Tejeda,md,rcm,rb
263802,Y. Tielemans,md,lcm,lcm
8324,Y. Touré,md,cam,cam
114723,Y. Yotún,md,rcm,rcm
101857,Y. Zhirkov,md,rcm,rcm
94831,Y. Ōsako,fw,st,cam
122888,Yahya Al Shehri,md,lam,lam
122940,Yasir Al Shahrani,df,rb,rcm
122562,Yasser Al Mosailem,gk,gk,cb
230857,Yeray,df,lb,lcm
107623,Yo-Han Go,md,rcm,rcm
3823,Yoel,gk,gk,cb
107529,Yong Lee,df,lb,lcm
95200,Young-Gwon Kim,df,rb,rb
107424,Young-Sun Yun,df,cb,cb
4452,Yuri Berchiche,df,rb,ram
239843,Z. Bakkali,fw,rw,ram
3791,Z. Feddal,df,rb,rb
8372,Z. Gera,md,cm,cm
20420,Z. Ibrahimović,fw,st,cam
14696,Z. Junuzović,md,cam,cam
14757,Z. Kuzmanović,md,cm,cm
288423,Z. Machach,md,lam,lam
15196,Z. Stieber,md,ram,ram
482491,Z. Youssouf,md,lam,lam
6281,Zaldúa,df,lb,lcm
395114,Zubeldía,md,cm,cm
3680,Zurutuza,md,rcm,rcm
77541,Àngel Rangel,df,lb,lam
254408,Á. Correa,fw,lw,lam
33082,Á. Elek,md,lcm,lcm
76201,Á. Lang,df,cb,cdm
299557,Á. Nagy,md,rcm,rcm
3725,Á. Pintér,md,cam,cam
15200,Á. Szalai,fw,st,cam
3314,Á. di María,md,cam,cam
6914,Álex Alegría,fw,st,cam
339791,Álex Berenguer,fw,rw,ram
214062,Álex Granell,md,rcm,rcm
485383,Álex Mula,md,cam,cam
3695,Álvaro González,df,cb,cdm
278383,Álvaro Jiménez,md,lam,lam
3324,Álvaro Morata,fw,st,cam
4131,Ángel,fw,st,cam
3280,É. Banega,md,cm,cm
20816,É. Barreto,md,lam,lam
25800,É. Didot,md,cm,cm
114762,É. Flores,md,rcm,rcm
70410,Éder,fw,lw,cam
3671,Íñigo Martínez,df,rb,rcm
125250,Ó. Duarte,df,cb,cdm
450784,Óscar Melendo,md,cam,cam
114055,Óscar Romero,md,lcm,lcm
14778,Ö. Toprak,df,cb,rcm
14808,İ. Gündoğan,md,cam,cam
32580,İ. Köybaşı,df,rb,rcm
352722,Ľ. Tupta,fw,lw,lcm
7847,Ł. Fabiański,gk,gk,cb
14798,Ł. Piszczek,df,lb,lcm
99430,Ł. Skorupski,gk,gk,cb
99479,Ł. Teodorczyk,fw,st,st
20550,Ş. Radu,df,rb,rb
69409,Š. Vrsaljko,df,lb,lcm
